parcela;idade;hdom;ab;vtcc
1;24,01;11,6;9,25;45,68
1;37,65;17,06;15,92;119,3
1;47,6;20,72;18,1;164,28
1;61,86;23,6;21,56;237,38
1;72,37;25,2;23,17;250,52
1;84,99;28,27;25,64;298,59
2;37,65;17,62;15,56;115,27
2;47,6;18,96;18,12;152,15
2;61,86;23,73;22,38;244,39
2;72,37;25,73;23,69;252,35
2;84,99;29,13;26,11;308,65
3;24,7;14,2;12,7;71,4
3;38,34;19,22;18,19;150,03
3;48,29;21,62;20,46;197,24
3;62,55;24,27;24,2;272,47
4;38,34;18,98;17,87;149,59
4;48,29;20,58;20,17;181,18
4;62,55;23,35;23,84;256,44
4;73,06;24,7;25,68;262,89
4;85,68;27,77;28,25;321,97
5;24,77;12,92;8,55;44,93
5;38,4;16,58;13,34;95,7
5;48,36;18,48;15,51;124,95
5;62,61;21,32;18,69;185,95
5;73,13;23,1;20,29;197,76
5;85,74;26,1;22,86;251,57
6;24,77;13,4;9,68;55,96
6;38,4;16,5;14,6;109,51
6;48,36;20,06;16,97;149,13
6;62,61;21,92;19,69;199,99
6;73,13;23,81;21,94;222,66
6;85,74;25,92;24,72;272,08
7;38,4;17,36;15,59;114,98
7;48,36;18,36;17,57;137,14
7;62,61;21,13;21,09;210,93
7;73,13;23,23;22,92;220,6
7;85,74;26,55;24,81;275,47
8;38,4;20,3;18,18;152,26
8;48,36;23,78;20,76;204,63
8;62,61;25,38;23,87;278,18
8;73,13;26,55;25,61;278,34
8;85,74;29,48;28,73;343,26
9;24,74;11,92;11,19;50,1
9;38,37;17,6;17,58;129,08
9;48,32;19,42;19,88;162,9
9;62,58;21,95;22,71;227,08
9;73,09;22,63;24,42;231,38
9;85,71;26,27;26,46;289,1
10;25,16;15,52;11,77;79,99
10;38,8;19,9;18,63;159,16
10;48,75;23,72;21,7;220,34
10;63,01;27,73;24,69;305,87
10;73,52;29,4;27,39;321,66
10;86,14;30,45;28,89;354,39
11;29,47;15,5;13,84;89,59
11;41,56;19,66;17,67;142,43
11;55,81;22,12;22,42;229,39
11;66,33;22,76;23,83;230,19
11;78,94;25,42;27,12;281,51
12;29,47;15,96;15,22;99,49
12;41,56;20,12;19,4;163,5
12;55,81;22,18;23,32;240,39
12;66,33;25,12;25,21;268,21
12;78,94;27,76;27,67;313,26
13;41,56;22,02;21,18;182,36
13;55,81;26,48;25,66;300,54
13;66,33;29,04;28,02;322,21
13;78,94;31,22;31,41;391,18
14;41,56;20,86;18,51;159,46
14;55,81;22,52;21,63;224,61
14;66,33;25,36;23,29;249,21
14;78,94;28,1;25,44;292,76
15;29,63;12,12;8,44;37,33
15;41,72;18,58;15,65;118,85
16;41,72;20,74;20,35;175,96
17;29,34;12,88;11,15;58,74
17;41,43;20,78;19;165,53
18;41,43;19,36;18,07;145,62
19;31,41;14,36;10,03;59,02
19;43,5;22,02;15,27;135,61
20;31,41;15,72;14,56;88,31
20;43,5;22,64;20,24;188,69
21;43,5;17,46;14,31;101,63
22;43,5;25,6;21;217,21
23;30,65;15,2;15,5;93,3
23;42,74;22,62;21,07;192,8
24;26,25;12,8;9,72;49,77
24;38,34;20,66;17,8;152,09
25;25,53;14,42;12,89;72,78
25;37,61;16,76;17,7;122,77
25;51,87;19,9;21,38;188,86
25;62,39;21,62;23,26;199,42
25;75;25,1;26,72;262,75
26;24,54;16,44;16,28;109,1
26;36,79;22,58;21,74;196,01
27;36,79;23,06;20,35;194,18
28;24,64;15,42;14,79;94,86
28;36,89;22,43;22,26;201,2
29;28,19;17,6;14,96;110,1
29;40,44;22,72;20,29;188,68
30;40,44;23,02;21,58;203,45
31;20,93;9,96;5,11;20,19
31;33,18;16,22;11,6;75,77
32;29,07;14,6;14,47;88,07
32;42,18;20,36;19,62;161,98
33;42,18;19,72;21,27;172,78
34;28,19;14,1;12,35;70,36
34;41,29;18,5;17,44;133,77
35;28,09;12,52;9,6;49,46
35;41,2;17,64;14,54;104,97
36;41,2;19,02;15,94;124,54
37;28,42;14,78;13,83;87,23
37;41,52;20,44;18,9;160,32
38;28,55;14,54;13,02;80,48
38;41,66;18,34;17,98;136,64
39;28,81;17,98;15,19;112,86
39;41,92;22,84;20,35;189,09
40;41,92;18,12;17,38;130,61
41;28,98;11,38;11,11;48,98
41;42,08;17,8;17,18;123,6
42;34,26;18,58;18,5;132,77
42;48,55;22,1;22,44;203,83
42;62,19;25,08;26,43;279,73
43;34,26;16,3;15,71;106,45
43;48,55;20,42;20,21;164,48
43;62,19;22,64;24,58;231,48
44;48,55;19,34;20,5;155,87
44;62,19;21,88;25,04;223,63
45;26,64;10,94;7,99;34,75
45;40,47;15,8;15,63;99,51
46;40,47;18,14;15,89;111,19
47;26,58;9,48;6,58;25,73
47;40,41;14,08;12,09;69,32
48;26,58;12,72;12,69;64,07
48;40,41;18,76;23,7;177,83
49;26,54;13,14;11,81;67,11
49;40,37;18,88;23,78;183,61
50;26,22;9,16;5,85;22,56
50;40,05;15,74;13,23;85,69
51;40,05;15,63;13,95;88,29
52;26,35;10,96;9,09;43,34
52;40,18;18,08;20,15;151,51
53;40,18;18,06;20,09;147,68
54;40,18;16,1;14,23;94,23
55;41,33;19,76;20,44;167,74
55;55,62;22,46;23,47;217,66
55;69,25;24,64;27,65;285,71
56;55,62;19,18;19,01;150,76
56;69,25;22,16;23,23;218,7
57;40,37;19,88;19,35;153,45
57;54,66;23,18;22,97;215,3
57;68,3;26,16;27,07;294,84
58;40,37;18,74;18,5;133,9
58;54,66;20,92;21,8;185,66
58;68,3;23,22;25,46;223,14
59;54,66;22,42;21,25;200,54
59;68,3;24,82;24,73;261,72
60;54,66;24,34;23,13;221,08
60;68,3;26,02;27,16;288,74
61;32,23;17,38;18,82;136,4
61;45,86;22,08;24,34;224,45
62;18,4;11,98;6,21;29,71
62;32,69;16,72;12,82;88,57
62;46,32;20,42;18,35;157,14
63;21,81;14,1;12,38;72,16
63;36,79;19,56;24,12;192,56
63;48,82;23,68;31,11;303,13
63;59,95;28,06;34,79;412,11
64;21,81;13,48;11,02;61,33
64;36,79;19,02;22,13;175,51
64;48,82;22,48;28,07;258,64
64;59,95;26,2;31,1;339,67
65;36,79;18,4;20,42;159,08
65;48,82;23,29;26,7;252,12
65;59,95;26,74;29,45;331,96
66;22,08;14,12;13,21;75,51
66;37,09;19,62;24,14;200,86
66;49,11;23,88;30,94;293,83
66;60,25;28,3;35,18;420,37
67;37,09;17,34;22,46;162,08
67;49,11;22,5;28,5;257,22
67;60,25;26,82;31,34;338,41
68;30,49;16,82;15,79;110,52
68;41,79;20,3;19,82;176,3
69;30,49;15,23;15,1;96,28
69;41,79;18,68;19,1;147,05
69;55,22;21,5;23;209,5
69;67,18;24,24;25,68;258,09
70;30,49;16,76;18,52;129,39
70;41,79;20,76;22,65;188,17
70;55,22;23,3;26,68;262,11
70;67,18;25,3;29,35;312,73
71;41,79;19,9;20,37;163,42
71;55,22;23,02;24,57;237,19
71;67,18;24,94;27,7;293,8
72;28,68;14,06;15,55;93,84
72;46,06;20,02;24,95;202,25
72;58,38;25,54;30,05;320,06
72;65,05;27,16;32,38;364,47
73;46,06;21,04;22,74;183,47
73;58,38;24,86;27,69;280,22
73;65,05;27,68;29,62;337,09
74;28,42;13,06;10,6;55,6
74;45,8;15,72;14,04;98,72
74;58,11;18,88;17,71;139,78
74;64,78;21,14;19,18;169,81
75;45,8;20;20,27;161,91
75;58,11;23,48;24,72;244,23
75;64,78;26;26,42;290,67
76;25,46;15,16;18,97;123,94
76;42,84;21,42;27,94;241,06
76;55,16;26,42;33,44;374,55
76;61,83;29,72;36,1;450,77
77;42,84;21,94;22,47;191,92
77;55,16;24,84;26,99;282,13
77;61,83;27,3;28,72;328,79
78;26,68;17,82;16,18;116,24
78;44,05;19,92;24,7;206,45
78;56,37;24,47;30,56;315,17
78;63,04;28,88;33,72;393,41
79;45,96;22,78;29,7;259,33
79;58,28;25,96;33,38;369,73
79;64,95;29,12;35,06;433,28
80;28,58;19,46;18,35;143,16
80;45,96;24,36;28,29;248,84
80;58,28;26,66;33,42;364,17
80;64,95;29,34;36,25;440,42
81;45,96;21;25,15;207,44
81;58,28;25,46;28,96;310,62
81;64,95;28,12;30,83;364,47
82;28,58;17,76;18,72;139,4
82;45,96;22,22;26,49;239,19
82;58,28;26,1;30,87;333,2
82;64,95;28,6;32,7;381,05
83;29,7;17,36;18,04;129,15
83;47,08;21,7;25,93;226,34
83;59,4;25,72;29,92;317,7
83;66,06;27,68;31,67;359,74
84;29,7;17,86;18,04;134,18
84;47,08;22,32;26,81;242,39
84;59,4;26,98;31,31;347,18
84;66,06;29,12;33,16;394,11
85;47,08;24;30,2;298,52
85;59,4;27,3;35;407,55
85;66,06;29,58;37,12;455,5
86;30,06;20,26;20,38;172,84
86;47,44;23,64;27,11;259,98
86;59,76;25,74;30,22;326,67
86;66,43;29,04;32,08;388,94
87;47,44;24,08;27,66;273,22
87;59,76;26,34;30,91;343,28
87;66,43;29,86;32,45;399,84
88;23,88;13,76;10,95;63,61
88;41,26;19,12;22,34;183,66
88;53,58;24,2;27,51;281,09
88;60,25;27,22;30,24;338,66
89;23,59;12,16;10,15;50,79
89;40,97;18,46;18,56;138,85
89;53,29;21,62;23,27;213,97
89;59,95;24,22;25,48;263,36
90;19,12;11,86;7,11;35,09
90;36,5;17,22;17,82;134,44
90;48,82;20,66;22,57;204,81
90;55,49;23,9;25,35;260,03
91;36,5;17,5;20,21;156,1
91;48,82;21,94;26,47;239,34
91;55,49;25,26;29,39;305,08
92;19,35;11,18;7,39;34,01
92;36,73;16,06;17,3;125,7
92;49,05;20,74;22,48;197,04
92;55,72;23,96;25,62;254
93;19,45;13,88;10,23;59,68
93;36,83;18,3;21,05;162,37
93;49,15;22,96;25,08;238
93;55,81;26,36;27,51;292,61
94;18,96;11,26;7,54;33,32
94;48,65;19,84;25,28;213,89
94;55,32;23,14;28,04;276,54
95;19,45;13,4;10,01;56,53
95;36,83;19,58;22,57;182,72
95;49,15;23,66;28,58;289,73
95;55,81;27,3;31,88;361,64
96;19,45;12,02;7,62;36,2
96;36,83;19,88;18,13;140,38
96;49,15;22,94;23,49;226,23
96;55,81;27,58;26,67;294,17
97;26,51;15,52;13,12;85,97
98;26,31;17,02;12,56;87,57
99;25,72;16,17;14,17;95,77
99;38,14;22,76;21,53;200,86
100;25,72;13,48;11,43;63,61
100;38,14;21,34;19,4;170,2
101;38,14;22,18;21,04;188,64
102;25;13,74;10,91;60,76
102;37,42;19,64;18,58;149,98
103;25;13,91;12,58;71,5
103;37,42;22,12;21,2;187,27
104;37,42;21,8;23,6;206,19
105;37,42;21,56;23,22;203,98
106;25,72;14,12;14,15;82,32
106;38,14;20,58;22,41;188,94
107;27,33;17,52;15,65;109,27
108;25,2;15,52;15,79;102,8
109;24,47;15,3;12,53;76,83
109;37,75;23;21,52;187,57
110;37,75;22,76;21,48;184,36
111;25,13;14,6;13,65;80,06
111;38,4;22,04;23,79;204,7
112;38,4;22,08;21,82;191,37
113;38,4;22,35;21,69;192,53
114;26,08;14,94;15,34;99,13
114;39,36;23,24;24,5;224,74
115;39,36;23,6;19,99;185,22
116;39,36;23,26;23,48;218,61
117;26,18;17,44;16,12;115,78
117;38,6;23,06;25,04;233,72
118;25,85;13,04;8,88;46,41
118;38,27;16,6;13,28;86,7
119;38,27;21,86;21,05;190,47
120;26,25;12,94;15,12;82,93
120;38,73;19,95;24,13;197,85
120;50,66;25,36;28,77;303,18
121;38,73;18,34;18,62;139,82
122;50,66;24,18;24,82;245,53
123;25,2;12,6;12,99;67,46
123;37,68;20,2;21,63;176,87
123;49,61;25,72;26,77;277,09
124;25,2;12,76;11,41;60,27
124;37,68;19,36;19,49;154,09
124;49,61;24,92;24,49;248,36
125;37,68;19,64;19,8;157,16
126;49,61;26,22;23,72;247,69
127;49,61;26,16;26,58;280,34
128;29,93;15,36;13,65;91,85
128;43,1;20,88;18,92;162,42
129;29,93;15,48;13,39;93,54
129;43,1;20;18,73;154,16
130;43,1;20,42;17,63;144,7
131;43,1;20,3;18,73;159,05
132;30,06;15,74;16,05;112,14
132;43,23;21,48;22,56;198,09
133;43,23;22,16;19,44;175,45
134;38,7;19,22;24,11;174,09
134;50,79;23,42;30,65;280,41
135;38,7;20,32;23,94;196,1
135;50,79;23,3;31,37;291,24
135;63,5;27,24;37,34;414,7
136;23,29;13,66;9,47;58,02
136;37,52;17,94;18,25;143,8
136;48,06;21,6;22,07;212,28
136;60,28;24,48;26,35;285,88
136;71,22;27,45;28,81;351,8
137;37,52;18,56;18,55;148,57
137;48,06;21,4;22,85;214,55
137;60,28;24,5;27,93;308,64
137;71,22;27,57;30,83;382,6
138;27,07;17,28;16,39;114,19
139;27,07;16,1;14,35;94,56
140;26,81;17,06;15,9;110,45
141;26,74;17,36;15,7;107,01
142;26,74;16,52;16,37;112,72
143;28,25;17,28;14,59;109,61
144;37,45;21,04;21,62;183,87
145;37,45;20,7;20,83;171,58
146;37,45;20,8;20,88;168,57
147;27,86;18,28;18,24;139,71
147;37,29;21,58;21,54;187,27
148;37,29;20,62;20,43;173,56
149;37,29;20,84;21,86;187,03
150;36,96;20,82;19,96;165,42
151;36,96;18,29;17,17;127,12
152;26,25;13,44;12,88;74,43
152;35,68;18,6;16,85;129,31
153;35,68;21,78;17,31;150,45
154;35,68;18,76;17,46;135,64
155;26,05;17,3;16,44;117,96
155;35,48;19,98;19,3;157,91
156;35,48;20,92;21,89;181,13
157;33,31;21,44;18,08;147,69
158;23,88;16,76;15,21;104,34
158;33,31;20,28;20,81;173,89
159;33,31;19,6;19,85;149,91
160;23,88;14,82;15,99;97,77
160;33,31;20,08;21,62;175,44
161;23,88;15,42;13,57;86
161;33,31;20,12;18,43;149,63
162;33,31;21,08;20,82;175,24
163;33,31;19,84;22,7;184,88
164;29,83;15,82;14,14;97,56
164;43,04;23,24;20,7;190,81
165;43,04;24,18;22,87;212,35
166;32,33;19,74;18,22;148,78
167;32,33;19,66;17,51;149,13
168;23,09;13,86;13,03;75,08
168;36,3;22,16;21,71;195,72
169;36,3;21,7;23,35;205,42
170;23;14,42;14,48;90,67
170;36,2;22,48;22,78;214,33
171;36,2;22,18;22,33;200,45
172;23,82;16,78;12,73;85,42
172;37,02;21,97;21,45;187,18
173;25,69;13,54;10,79;60,65
174;25,89;13,98;11,75;71,31
175;25,3;13,48;9,04;51,28
176;25;13,18;10,91;62,78
177;30,58;19,52;18,1;150,73
177;42,71;20,86;22,07;198,2
177;53,02;23,18;25,39;250,57
177;64,55;25,49;28,64;315,83
178;30,42;16,82;20,55;146,51
178;42,54;21,76;25,71;235,48
178;52,86;24,5;29,83;315,32
178;64,39;27,22;33,1;375,41
179;30,39;19,48;17,99;153,87
179;42,51;24,22;22,89;250,66
179;52,83;24,56;26,62;293,54
179;64,36;26,08;30,15;350,44
180;30,35;19,72;21,64;181,04
180;42,48;25,72;28,19;303,04
180;64,32;29,2;36,9;468,79
181;30,55;17,26;17,43;133,26
181;42,67;20,5;22,77;194,94
181;52,99;24,38;26,16;285,18
181;64,52;26,48;29,16;332,83
182;29,76;13,88;10,37;61,49
182;41,92;18,62;17,95;136,42
182;54,47;23,28;22,41;211,07
182;66,56;27,62;25,39;290,48
183;41,92;18,34;19;146,93
183;54,47;23,98;23,36;224,09
183;66,56;27,4;26,59;302,29
184;28,35;16,14;12,77;82,47
184;40,51;19,88;19,79;155,97
184;53,06;23,66;23,53;225,29
184;65,14;27,42;27,01;299,01
185;40,51;20,44;21,75;175,77
185;53,06;24,12;25,42;246,28
185;65,14;27,34;28,94;330,78
186;25,1;15,32;10,51;67,38
186;37,25;19,64;18,42;147,65
186;49,8;24,54;23,5;233,72
186;61,89;29,08;26,64;323,76
187;25,3;12,8;9,41;53,66
187;37,45;18,26;17,9;135,58
187;50;23,6;24;227,98
187;62,09;26,86;28,13;317,11
188;37,45;18,76;19,63;151,33
188;50;23,76;25,13;240,73
188;62,09;27,42;29,07;334,74
189;25,07;13,42;8,57;48,02
189;37,22;18,5;18,46;141,37
189;49,77;23,66;25,48;246,2
189;61,86;27,32;30,31;339,22
190;26,68;13,56;10,53;62,53
190;38,83;19,2;17,64;134,25
190;51,38;24,32;22,26;209,86
190;63,47;26,38;25;276,13
191;38,83;19,98;23,4;202,54
191;51,38;26,8;28,76;298,54
191;63,47;30,26;32,55;420,82
192;26,77;14,92;12,21;77,64
192;38,93;20,24;20,52;165,06
192;51,48;23,72;24,65;239,57
192;63,57;26,32;27,82;311,04
193;30,72;15,92;14,39;99,58
193;44,42;21,08;22,68;199,14
193;56,27;24,28;26,41;260,6
193;63,86;27,42;28,96;329,91
194;44,42;23,26;27,03;270,9
194;56,27;26,64;30,75;346,01
194;63,86;29,4;32,59;395,43
195;30,75;16,72;16,46;122,85
195;44,45;23,16;24,06;231,1
195;56,31;26,34;27,11;298,1
195;63,9;28,4;29,59;353,97
196;30,75;18,32;18,39;140,34
196;44,45;24,14;25,99;248,18
196;56,31;27,26;29,09;325,91
196;63,9;29,76;30,89;374,09
197;44,45;20,8;24,43;212,76
197;56,31;23,96;27,95;282,6
197;63,9;26,54;30,17;337,28
198;30,78;18,66;18,78;150,45
198;44,48;22,92;26,24;240,04
198;56,34;26,64;28,91;323,88
198;63,93;29,2;30,57;374,97
199;44,48;20,78;20,95;183,46
199;56,34;22,7;23,94;224,88
199;63,93;25,64;25,33;272,13
200;27,56;16,76;16,42;120,1
200;53,12;26,34;30,54;332,46
201;27,56;17,58;15,68;117,58
201;53,12;27,88;29,8;344,65
202;41,26;19,84;18,3;148,55
202;53,12;22,6;23,41;225,81
203;41,26;23,38;26,54;251,64
203;53,12;26,64;30,74;338,07
204;41,26;20,58;21,46;181,09
204;53,12;23,7;26,14;264,55
205;25,39;13,26;11,36;62,98
205;37,12;20,28;20,16;162,1
205;50,13;24,72;25,77;257,32
205;62,12;26,92;28,76;326,58
206;37,12;19,76;20,1;159,01
206;50,13;23,46;26,3;252,54
206;62,12;26,46;30,02;331,12
207;25,3;14,02;12,63;73,06
207;37,02;20,9;21,05;182,28
207;50,03;25,62;26,47;282,69
207;62,02;29,16;31,43;383,61
208;26,02;13,56;12,76;71,81
208;37,75;19,26;22,39;172,32
208;50,76;25,18;28,78;292,91
208;62,75;28,96;33,21;397,83
209;37,75;20,62;20,22;168,88
209;50,76;24,58;26,68;260,01
209;62,75;27,5;31,19;355,66
210;37,75;18,2;19,2;149,04
210;50,76;23,4;25,17;241,89
210;62,75;26,02;29,61;320,5
211;27,56;12,7;10,3;61,09
211;41,26;18,66;18,76;148,22
211;53,12;21,64;22,76;206,98
212;26,25;11,78;9,43;47,32
212;40,05;17,36;16,69;121,09
212;50,3;21,72;20,04;178,94
213;40,05;19,48;18,41;147,53
213;50,3;23,54;22,21;210,03
214;40,05;16,68;17,18;121,72
214;50,3;21,46;21,33;191,34
215;24,28;11,16;8;35,59
215;38,07;18,2;17,02;126,2
215;48,32;21,74;21,28;190,8
216;38,07;16,26;17,92;118,82
216;48,32;21,26;22,61;199,29
217;24,24;12,1;9,36;46,29
217;38,04;19,6;19,61;157,89
217;48,29;23,96;23,32;229,21
218;38,04;20;22,04;177,71
218;48,29;24,94;26,08;268,95
219;23,29;11,18;10,43;51,06
219;37,09;20,02;20,67;169,53
219;47,34;23,8;24,34;243,02
220;37,09;15,2;13,33;79,53
220;47,34;21,04;16,85;138,93
221;37,09;15,76;14,97;96,33
221;47,34;22,44;18,83;173,96
222;24,38;12,82;11,96;65,36
222;38,17;20,04;21,8;183,48
222;48,42;24,34;26,76;267,63
223;23,26;11,42;9,98;48,34
223;37,06;17,88;18,37;137,84
223;47,31;23,26;21,84;208,03
224;37,06;20,2;23,24;195,29
224;47,31;25,8;27,86;295,27
225;37,06;19,88;18,32;147,6
225;47,31;23,82;22,25;215,74
226;27,43;16,96;18,22;128,98
227;29,37;15,42;12,48;78,23
227;41,33;19,08;18,26;138,62
227;53,35;24,38;22,71;215,48
227;66;27,94;26,28;297,04
228;41,33;18,18;15,77;114,29
228;53,35;21,7;20,2;174,71
228;66;26,26;23,93;254,93
229;29,47;15,2;11,43;76,2
229;41,43;19,18;17,76;136,24
229;53,45;24,94;21,85;226,09
229;66,36;27,96;24,85;281,5
230;25,59;11,64;8,65;40,91
230;39,13;19,58;17,95;141,52
230;48,72;24,22;22,88;227,37
231;25,59;13,44;10,15;47,81
231;39,13;20,02;18,62;148,13
231;48,72;24,6;22,71;225,78
232;39,13;17,81;17,89;128,19
232;48,72;23,9;22,77;224,73
233;25,59;12,58;10;48,61
233;39,13;19,62;18,42;148,26
233;48,72;23,78;22,88;223,32
234;39,13;19,18;19,04;144,86
234;48,72;24,82;22,77;230,35
235;25,62;13,22;11,08;64,01
235;39,16;19,92;19,25;157,93
235;48,75;24,18;22,93;228,79
236;26,12;13,52;8,03;38,83
236;39,65;18,64;15,25;104,35
236;49,24;23,76;19,53;184,74
237;26,12;12,78;9,25;50,04
237;39,65;20,02;17,43;144,75
237;49,24;24,24;21,54;214,63
238;25,82;12,12;7,11;34,08
238;39,36;18;13,62;97,01
238;48,95;21,82;16,94;149,75
239;25,82;12,08;8,47;44,77
239;39,36;16,76;14,71;99,97
239;48,95;21,38;18,17;157,39
240;24,8;10,04;7,87;32,56
240;37,29;16,02;15,31;107,77
240;49,51;20,92;19,68;169,9
240;62,52;24,74;24,62;256,46
241;37,29;18,82;19,43;158,89
241;49,51;23,18;23,72;232,97
241;62,52;25,48;25,86;280,1
242;37,29;19,72;21,04;175,6
242;49,51;24,82;26,83;279,14
242;62,52;27,6;29,36;343,43
243;24,05;11,68;7,37;33,33
243;36,53;16,24;14,07;97,14
243;48,75;22,82;19,69;177,99
243;61,76;26,32;24,61;264,48
244;36,53;19,46;19,58;156,93
244;48,75;25,08;25,12;251,78
244;61,76;27,9;29,66;332,53
245;24,44;11,04;7,69;32,52
245;36,93;16,64;17,7;122,38
245;49,15;22,02;23,06;202,11
245;62,16;26,02;27,96;293,23
246;24,05;11,04;7,26;30,89
246;36,53;16,28;13,06;87,87
246;48,75;20,88;18,33;151,07
246;61,76;25,6;23,48;238,52
247;24,93;12,74;10,26;49,99
247;37,42;19,36;20,28;160,75
247;49,64;25,54;25,97;271,47
247;62,65;28,3;30,21;343,47
248;26,54;12,12;6,37;30,97
248;39,88;17,22;15,6;108,41
248;50,66;19,98;20,5;171,38
248;63,14;25,04;25,48;273,71
249;26,64;10,76;6,08;24,91
249;39,98;19,28;15,96;115,43
249;50,76;22,76;19,98;181,44
249;63,24;27,76;23,95;274,96
250;25,89;13,28;11,22;61,29
250;39,22;20,34;22,72;192,56
250;50;23,16;26,12;250,94
250;62,48;27,1;29,56;334,51
251;39,22;20,4;22,05;180,57
251;50;22,56;25,43;232,16
251;62,48;27,08;28,37;313,99
252;25,89;13,2;8,26;42,21
252;39,22;19,28;16,09;112,48
252;50;22,56;19,16;170,4
252;62,48;27,24;21,72;236,47
253;39,22;21,4;22,33;195,24
253;50;23,24;25,67;242,08
253;62,48;27,78;29,26;331,1
254;25,95;11,84;7,18;33,48
254;38,11;18,22;15,93;116,71
254;49,54;24,1;20,61;203,02
255;38,11;20,24;17,85;143,97
255;49,54;25,48;21,68;221,01
256;25,82;14,88;14,79;88,97
256;37,98;21,24;22,24;192,91
256;49,41;26,1;26,3;277,41
257;25,82;11,84;9,08;49,34
257;37,98;19,74;16,66;130,29
257;49,41;24,6;21,04;210,53
258;24,61;9,44;4,28;14,86
258;36,76;14,48;9,68;55,16
259;24,7;13,86;9,96;57,61
259;36,86;19,04;21,66;169,85
259;48,29;25,32;27,07;279,92
260;24,64;13,64;8,31;45,3
260;36,79;19,1;16,6;127,96
260;48,23;24,3;21,43;207,64
261;23,72;12,7;9,57;48,67
261;35,87;19,16;18,24;140,81
261;47,31;23,78;24,2;230,49
262;35,87;16,34;11,06;68,59
262;47,31;20,96;15,4;125,21
263;23,46;11,34;5,61;24,75
263;35,61;15,94;10,43;62,15
263;47,04;20,3;14,54;114,77
264;35,61;18,88;14,41;106,36
264;47,04;23,68;18,22;171,51
265;35,48;19,96;15,7;119,32
265;46,91;24,92;20,87;206,68
266;23,46;10,84;5,92;26,08
266;35,61;15,88;11,43;70,36
266;47,04;22,2;15,46;135,39
267;37,52;18,38;16,24;116,68
267;48,95;23,24;20,66;193,46
268;25,33;11,84;8,04;37,91
268;37,48;17,04;15,03;100,58
268;48,92;22,74;21,12;190,05
269;25,33;11,3;6,68;27,29
269;37,48;15,86;12,25;76,91
269;48,92;20,3;16,82;136,24
270;24,18;12,2;6,78;29,45
270;36,33;18,7;13,79;93,45
270;47,77;22,68;20,04;170,18
271;25,39;10,14;6,35;26,99
271;37,55;16,6;13,62;91,06
271;48,98;22,56;20,8;191,38
272;25,3;11,86;7,55;34,92
272;37,45;17,6;14,92;107,1
272;48,88;22,72;20,09;186,72
273;26,15;11,96;7,54;39,34
273;38,27;18,5;14,47;113,87
273;50,16;21,98;18,36;163,32
274;26,15;12,46;10,01;53,8
274;38,27;18,9;17,56;138,36
274;50,16;22,32;21,3;191,93
275;26,22;13,96;11,66;66,1
275;38,34;20,28;19,98;163,8
275;50,23;23,88;24,33;231,05
276;26,28;17,5;17,27;119,89
276;40,37;24,66;26,02;258,89
276;50,85;28,44;30,08;346,91
277;40,37;23,91;24,66;241,57
277;50,85;27,53;28,66;310,84
278;40,37;23,24;26,65;252,68
278;50,85;27,3;32,31;351,6
279;26,18;15,66;14,34;90,71
279;40,28;23,09;24,19;231,71
279;50,76;27,5;28,61;320,57
280;40,28;23,52;25,63;242,95
280;50,76;28,14;30,78;343,09
281;26,05;15,4;18,47;108,56
282;26,05;16;15,02;100,77
282;40,14;22,3;23,35;205,29
282;50,62;26,94;27,15;295,21
283;40,14;21,88;22,89;204,28
283;50,62;26,02;28,18;289,42
284;25,92;15,14;14,61;96,23
284;40,01;22,88;22,99;219,27
284;50,49;26,8;26,66;289,98
285;40,01;21,58;24,43;213,5
285;50,49;26,38;28,38;307,92
286;30,55;14,66;12,96;78,26
286;43,69;21,56;19,4;162,09
287;43,73;20,72;19,58;168,25
288;33,61;13,4;11,73;65,93
288;46,75;19,72;18,28;148,44
289;30,55;13,68;13,14;76,32
289;43,69;19,86;19,31;159,01
290;30,62;14,28;13,16;80,25
290;43,76;21,38;19,78;175,03
291;30,65;13,7;11,84;73,05
291;43,79;21,34;18,83;167,15
292;21,32;14,7;12,36;78,32
292;34,46;21,46;20,3;180,53
293;34,46;21,34;20,11;179,25
294;25,82;11,88;7,97;39,46
294;38,96;18,6;15,31;114,64
295;31,93;15,16;11,18;70,21
295;46,39;20,46;18,93;167,23
295;56,77;23,57;22,25;238,64
295;67,9;25,9;25,09;285,36
296;46,39;20,68;16,74;153,04
296;56,77;23,6;19,37;200,18
296;67,9;25,2;21,33;227,99
297;32,56;15,02;10,56;69,89
297;47,01;21,22;17,14;158,44
297;57,39;23,64;20,1;214,76
297;68,53;25,46;22,75;254,8
298;32,56;15,8;10,82;73,61
298;47,01;19,76;18,07;155,22
298;57,39;23,42;21,2;221,37
298;68,53;25,57;23,65;264,57
299;47,01;20,36;18,72;165,36
299;57,39;22,7;21,24;225,55
299;68,53;24,83;24,82;273,75
300;47,01;21,46;17,83;174,04
300;57,39;24,17;20,95;224,92
300;68,53;27,88;23,83;287,71
301;25,66;13,3;9,56;56,37
301;40,11;19,68;15,85;137,56
301;50,49;23;18,24;186,77
301;61,63;26,13;20,68;232,62
302;40,11;17,12;14,68;107,79
302;50,49;20,35;18,04;164,92
302;61,63;24,52;20,58;213,34
303;26,45;15,46;11,48;76,65
303;36,73;18,86;17,61;147,53
303;50,56;24,2;23,11;242,94
303;62,39;27,12;26,56;305,14
304;27,3;14,36;12,35;69,84
304;37,58;17,98;19,91;152,99
304;51,41;24,06;26,67;278,81
304;63,24;27,08;30,16;344,69
305;37,58;16,8;18,23;138,77
305;51,41;22,76;24,36;250,49
305;63,24;27,22;27,84;322,06
306;27,3;11,98;8,65;45,5
306;37,58;16,18;13,7;97,27
306;51,41;20,6;19,85;179,83
306;63,24;23,64;23,21;238,58
307;37,58;13,58;11,08;66,28
307;51,41;18,74;16,28;127,81
307;63,24;21,46;19,67;175,61
308;27,17;10,52;6,8;31,22
308;37,45;15,3;12,41;83,96
308;51,28;20,33;19,05;167,26
308;63,11;23,84;23,22;232,63
309;23,39;12,12;8,09;43,3
309;35,41;16,26;14,25;103,32
309;48,92;21,56;20,24;188,89
309;60,02;24,17;22,67;247,12
309;72,37;26,88;25,1;291,72
309;83,87;28,3;26,36;315,56
310;23,39;12,82;11,16;66,56
310;35,41;18,46;18,65;160,85
310;48,92;23,92;26,3;278,07
310;60,02;25,23;29,68;335,53
310;72,37;27,93;34,41;405,97
310;83,87;30,3;36,78;471,98
311;22,47;12,84;8,18;42,81
311;34,33;17,46;13,65;99,75
311;47,83;21,32;21,03;195,86
311;58,71;26,52;24,43;257,29
311;70,76;28,75;26,71;312,91
311;81,57;29,45;28,79;359,22
312;22,47;13,2;10,41;61,8
312;34,33;18,4;17,14;138,03
312;47,83;24,08;23,02;238,31
312;58,71;26,6;26,3;309,69
312;70,76;28,85;29,5;377,89
312;81,57;30,35;31,95;428,67
313;22,47;12,84;10,22;59,22
313;34,33;17,46;17,61;135,85
313;47,83;24,1;25,16;284,22
313;58,71;25,8;27,47;310,75
313;70,76;28,47;29,47;364,2
313;81,57;29,13;31,62;399,25
314;23,46;14,86;14,55;88,6
314;35,32;20,46;23,85;209,56
314;48,82;24,06;32,48;318,9
314;59,69;27,8;36,45;420,72
314;71,75;29,83;39,97;508,34
314;82,56;31;41,18;538,13
315;23,46;13,88;8,91;53,5
315;35,32;19,3;15,58;128,04
315;48,82;25,42;23,88;264,76
315;59,69;28,13;27,24;338,16
315;71,75;30,73;29,73;410,84
315;82,56;31,8;32,21;448,94
316;23,46;11,9;7,88;39,59
316;35,32;17,1;14,28;105,74
316;48,82;24,36;21,96;228,22
316;59,69;26,63;25,58;295,04
316;71,75;29,13;27,98;369,98
316;82,56;30,7;30,04;403,18
317;22,17;14,16;10,44;53,97
317;35,05;21,82;20,21;173,55
317;46,68;24,6;24,98;247,5
317;61,17;29,25;29,69;365,25
317;69,84;29,45;32,12;395,37
317;82,19;31,25;34,01;428,73
317;86,53;32,7;34,68;451,17
318;22,17;14,26;11,3;71,84
318;35,05;20,8;22,13;195,27
318;46,68;26,4;28,17;317,99
318;61,17;28,93;33,3;402,24
318;69,84;30,33;37,7;483,19
318;82,19;31,7;40,11;535,27
318;86,53;32,35;40,94;556,39
319;22,17;13,76;10,81;61,37
319;35,05;19,1;22,01;180,8
319;46,68;23,48;27,46;275,75
319;61,17;28,27;33,14;407,05
319;69,84;30,92;36,72;473,25
319;82,19;32,3;39,16;533,23
319;86,53;32,65;40,2;558,1
320;22,17;14,08;10,86;64,71
320;35,05;19,92;19,7;161,13
320;46,68;24,5;23,81;249,89
320;61,17;28,48;28,41;334,96
320;69,84;31,38;31,78;386,85
321;22,17;15,5;11,5;78,09
321;35,05;20,6;22,47;189,35
321;46,68;24,4;27,83;281,52
321;61,17;28,48;33,56;419,72
321;69,84;30,5;37,09;493,97
321;82,19;31,23;38,49;511,4
321;86,53;32,8;38,66;521,97
322;46,81;17,85;15,65;110,78
322;58,41;20,9;19,38;168,53
322;67,81;24,32;22,01;218,62
323;46,81;18,08;17,93;133,69
323;58,41;20,8;21,73;194,33
323;67,81;24,9;24,67;252,63
324;24,01;15,19;14,66;92,21
324;37,02;21,4;23,66;204,65
324;49,67;24,45;30,05;300,7
324;61,27;27,67;32,66;390,43
324;70,66;29,63;36,59;451,87
325;37,02;19,97;19,64;163,07
325;49,67;23,2;26,14;247,26
325;61,27;26,15;29,41;317,8
325;70,66;28,92;32,45;373,83
326;25,1;13,02;10,81;61,27
326;38,11;19,4;18,34;148,44
326;50,76;22,27;24,53;219,49
326;62,35;26,08;27,33;294,77
326;71,75;27,23;29,77;324,53
327;38,11;19,32;21,32;170,28
327;50,76;22,95;27,46;249,72
327;62,35;26,42;29,78;319,77
327;71,75;28,25;32,8;368,88
328;27,86;16,06;14,47;96,44
328;41,13;21,46;23,19;199,59
328;51,68;26,7;27,32;321,55
328;64,32;28,18;31,28;370,28
328;73,36;30,05;32,57;392,56
329;27,86;13,8;11,18;67,19
329;41,13;21,86;19,97;188
329;51,68;25,5;24,22;265,05
329;64,32;28,48;28,24;332,31
329;73,36;29,98;29,76;367,98
330;41,13;21,88;24,78;206,39
330;51,68;25,18;28,9;322,24
330;64,32;28,05;32,45;394,78
330;73,36;30,18;33,08;418,92
331;27,73;13,16;11;57
331;41;19,62;19,09;144,29
331;51,54;25,42;23,73;262,57
331;64,19;27,18;28,33;326,61
331;73,23;30,02;31,35;383,47
332;27,73;11,86;8,81;46,35
332;41;17,12;16,14;117,41
332;51,54;22,76;20,29;207,8
332;64,19;24,93;23,48;247,05
332;73,23;27,15;25,85;284,1
333;41;17,92;16,47;128,05
333;51,54;23,1;20,49;205,23
333;64,19;25,95;24,14;259,26
333;73,23;28,95;26,96;317,91
334;28,78;15,88;14,73;101,4
334;42,05;22;22,75;219,83
334;52,6;24,7;26,93;290,98
334;65,24;27,8;30,39;358,92
334;74,28;29,45;32,98;399,45
335;42,05;22,26;21,99;200,04
335;52,6;23,72;26,26;274,85
335;65,24;27,27;29,52;335,01
335;74,28;29,63;32,31;386,32
336;25,76;14,1;12,12;64,76
336;39,03;23,02;20,07;181,76
336;49,57;26,08;23,47;256,59
336;62,22;27,52;26,05;289,21
336;71,25;28,95;27,19;315,91
337;39,03;20,36;24,09;206,59
337;49,57;25,76;29,19;326,07
337;62,22;27,02;33;374,99
337;71,25;27,18;36,04;410,21
338;27,69;13,84;11,98;74,56
338;40,97;22,12;20,67;192,94
338;51,51;24,3;25,42;280,58
338;64,16;27,68;29,16;347,81
338;73,19;28,27;31,36;376,98
339;40,97;20,2;20,37;175,01
339;51,51;23,62;24,7;260,29
339;64,16;27,48;27,85;325,02
339;73,19;28,85;29,23;352,96
340;28,75;13,56;12,38;73,96
340;42,02;20,16;20,75;160,54
340;52,56;24,5;24,72;273,07
340;65,21;27,48;27,73;326,42
340;74,24;28,15;29,7;349,7
341;42,02;20,82;22;193,33
341;52,56;25;25,86;296,54
341;65,21;27,45;29,49;344,86
341;74,24;28,77;31,41;380,75
342;27,69;12,7;10,31;56,39
342;40,97;17,6;17,15;129,6
342;51,51;23,06;21,35;219,38
342;64,16;24,18;25,04;266,34
342;73,19;26,33;27,27;298,77
343;40,97;16;12,78;88,12
343;51,51;22,5;16,47;168,68
343;64,16;23,53;19,96;199,27
343;73,19;24,63;21,88;217,22
344;24,87;15,06;12,58;83,53
344;38,14;20,26;23,96;192,51
344;48,69;26,06;28,54;309,91
344;61,33;28,3;31,16;354,03
344;70,37;28,85;34,06;391,38
345;24,87;15,9;11,84;82,25
345;38,14;19,16;19,63;140,42
345;48,69;25,24;22,78;236,61
345;61,33;25,63;25,25;264,45
345;70,37;26,73;27,07;285,94
346;24,87;12,92;9,78;48,46
346;38,14;21,36;20,64;169,14
346;48,69;24,32;25,86;273,88
346;61,33;27,23;31,06;360,47
346;70,37;29,93;33,74;411,37
347;24,87;13,6;13,26;81,06
347;38,14;21,06;25,35;183,74
347;48,69;24,56;31,2;322,78
347;61,33;26,83;35,78;412,83
347;70,37;29,17;39,57;479,5
348;25,13;14,5;12,95;82,71
348;38,76;22,02;22,75;208,18
348;49,21;24,85;27,36;276,55
348;61,33;27,83;29,86;362,1
348;72,9;29,08;31,82;390,21
348;81,18;31,3;33,37;431,48
349;25,13;14,15;13,76;86,26
349;38,76;21,45;24,24;210,92
349;49,21;26,2;29,52;317,35
349;61,33;27,38;34,01;404,89
349;72,9;29,35;36,44;446,08
349;81,18;31,33;37,62;488,42
350;38,76;22,72;23,85;224,94
350;49,21;24,5;28,21;298,87
350;61,33;27,7;31,82;398,63
350;72,9;29,4;34,3;425,78
350;81,18;31,38;35,08;465,37
351;24,93;12,07;10,06;54,07
351;38,57;19,65;19,76;158,73
351;49,01;22,8;24,3;224,62
351;61,14;26,6;28,02;310,42
351;72,7;29,5;31,16;370,88
351;80,98;29,73;32,52;391,65
352;24,93;14,57;15,77;101,8
352;38,57;21,27;25,85;228,46
352;49,01;26,77;30,63;342
352;61,14;28,5;34,92;434,85
352;72,7;30,05;37,81;479,7
352;80,98;30,83;39,07;509,25
353;25,72;12,86;10,35;59,86
353;38,47;18,88;19,64;161,3
353;62,98;26,55;29,43;345,62
353;79,3;30,02;32,48;413,45
354;38,47;22,36;26,12;247,85
354;62,98;28,95;35,41;441,47
354;79,3;31,85;38,3;514,89
355;24,47;13,6;11,77;66,49
356;26,15;10,84;6,85;33,77
357;28,32;14,54;14,79;88,42
358;28,29;13,46;14,83;87,58
359;29,17;14,58;16,75;102,31
360;24,84;13;9,95;58,98
360;40,6;20,74;22,83;203,51
360;48,65;22,64;26,58;267,87
360;61,47;25,93;29,45;340,07
360;75;29,6;33,17;429,72
361;40,6;19,28;23,92;195,72
361;48,65;23,04;28,71;280,7
361;61,47;27,02;32,72;372,08
361;75;31,02;36,67;476,49
362;25,79;11,62;7,58;41,09
362;41,56;18,66;16,82;142,56
362;49,61;20,5;19,66;181,25
362;62,42;25,05;22,6;247,65
362;75,95;28,27;25,53;315,5
363;41,56;21,38;21,57;194,39
363;49,61;23,72;25,04;255,53
363;62,42;27,73;28,81;334,64
363;75,95;30,8;31,7;402,4
364;41,56;20,2;18,47;155,93
364;49,61;22,74;21,75;209,98
364;62,42;26,15;25,52;280,68
364;75,95;29,15;29,27;359,68
365;29,24;15,5;12,66;83,63
366;29,24;13,24;9,82;55,19
367;26,22;13,7;9,38;50,59
368;26,08;14,92;13,86;87,51
369;25,3;15,4;12,71;83,2
369;38,01;20,5;20,79;178,26
369;49,84;23,15;25,01;249,99
369;61,1;26;27,27;311,23
370;38,01;21,45;20,17;174,32
370;49,84;23,48;24,97;247,06
370;61,1;27,02;28,23;329,02
371;23,65;14,07;9,82;58,1
371;36,37;19,35;19,89;170,06
371;48,19;22,85;24,13;232,29
371;59,46;25,52;26,19;289,69
372;36,37;18,82;19,8;162,71
372;48,19;21,88;23,54;211,61
372;59,46;25,15;25,52;277,99
373;23,62;13,38;11,03;63,19
373;36,33;20,52;20,92;178,54
373;48,16;22,98;25,18;240,25
373;59,43;25,63;26,89;301,36
374;36,33;18,63;18,51;151,17
374;48,16;21,4;22,87;202,65
374;59,43;25;25,1;269,19
375;20,76;12,55;11,47;59,61
375;32,33;18,26;19,82;149,06
375;45,57;24,2;27,12;272,98
375;70,66;30,6;32,2;425,96
376;20,76;11,32;10,99;50,36
376;32,33;16,7;18,69;123,33
376;45,57;24,15;25,63;246,33
376;70,66;30,67;30,45;383,61
377;20,76;11,13;11,97;55,29
377;32,33;17,32;20,85;134
377;45,57;23,97;27,67;243,25
377;70,66;29,98;32,25;389,37
378;20,5;11,13;9,82;46,49
378;32,06;17;18,43;130,11
378;45,3;23,72;25,48;251,77
378;70,4;29,3;29,59;372,28
379;28,55;16,1;17,39;115,71
379;40,51;22,4;26,12;238,59
380;28,78;15,06;13,37;82,6
380;40,74;20,32;20,8;170
381;27,66;14,76;13,69;85,49
381;39,62;20,86;19,76;172,6
382;27,92;11,83;9,31;49,89
382;39,09;17,08;15,69;111,26
383;25,36;15,1;10,61;63,99
383;36,53;19,47;16,61;132,89
384;25,49;14,7;13,36;80,52
384;36,66;20,36;20,52;172,62
385;27,37;15,22;13,7;84,35
385;38,53;20,68;21,22;182,22
386;25,59;13,14;11,54;65,17
386;36,76;18,94;20,22;156,13
387;20,66;13,4;12,08;63,1
387;33,25;19,86;20,59;168,33
387;44,91;24,14;26,37;252,87
387;57,69;27,53;29,09;322,57
387;69,38;29,69;32,25;360,64
388;20,66;13,32;11,37;63,7
388;33,25;19,58;21,53;175,61
388;44,91;21,42;26,92;237,32
388;57,69;26,4;30,47;332,71
388;69,38;28,78;35,1;420,77
389;20,66;12,56;8,98;47,06
389;33,25;18;18,6;143,58
389;44,91;20,44;23,81;204,06
389;57,69;26,06;27,24;297,26
389;69,38;28,86;30,37;357,19
390;33,25;18,36;21,47;166,13
390;44,91;22,58;27,75;261,75
390;57,69;27,18;32,22;359,53
390;69,38;29,14;36,16;430,32
391;23,95;13,34;10,52;59,07
391;37,42;18,73;20,87;161,38
392;22,86;12,3;8,29;42,51
392;36,33;17,92;17,86;129,57
393;22,9;11,92;9,27;47,23
393;36,37;18,3;17,19;128,36
394;22,83;13;10,51;58,33
394;36,3;19,2;19,81;155,06
395;22,9;13,32;11,12;62,56
395;36,37;21,08;20,29;176,1
396;23,06;11,72;9,06;46,04
396;36,53;19,64;19,19;155,87
397;36,53;19,42;16,02;129,29
398;23;12,96;10,37;58,01
398;36,47;19,88;21,03;172,73
399;24,05;12,06;6,15;26,84
399;37,52;15,64;15,2;89,63
400;24,51;13,8;7,62;35,26
400;37,98;21,38;16,77;128,75
401;24,21;12,42;9,42;47,26
401;37,68;19,3;19,58;155,37
402;37,68;20,08;19,59;163,53
403;24,47;14,38;9,44;49,52
403;37,94;20,66;18,05;136,66
404;24,18;10,46;5,89;23,18
404;37,65;16,04;15,44;97,84
405;24,08;15,06;13,34;81,46
405;36,1;21,52;22,92;206,64
405;48,52;23,92;29,55;292,85
405;60,02;27,95;33,61;391,95
405;71,68;30,9;36,94;479,51
406;22,31;12,08;12,48;60,32
406;34,03;19,98;22,92;194,97
406;45,01;23,36;28,45;280,64
406;59,1;26,05;34,35;376,64
407;34,03;20,36;23,64;198,38
407;45,01;25,4;29,34;314,52
407;59,1;27,83;35,73;404,53
408;34,03;19,28;24,51;188,75
408;45,01;22,38;30,28;266,95
408;59,1;27,25;35,67;398,31
409;23,32;15,06;13,75;85,55
409;35,05;20,08;24,28;194,83
409;46,02;25,16;29,71;312,48
409;60,12;27,9;35,34;419,05
410;22,93;12,22;12,64;55,69
410;34,66;17,72;20,43;129,9
410;45,63;23,7;24,2;208,61
410;59,72;27,02;28,55;287,49
411;34,66;19,86;24,5;198,41
411;45,63;24,06;30,06;297,75
411;59,72;26,75;35,35;375,92
412;34,66;19,64;24,55;191,15
412;45,63;24,08;30,22;291,41
412;59,72;26,77;35,51;387,58
413;34,66;19,72;23,69;187,94
413;45,63;24,66;29,35;294,65
413;59,72;27,68;34,65;382,81
414;35,12;17,86;19,57;149,15
414;46,09;23,06;25,95;253,94
414;60,18;26,63;32,56;359,82
415;35,12;19,92;24,38;204,55
415;46,09;24,94;30,36;318,22
415;60,18;27,6;35,8;414,57
416;23,65;13,46;10,32;59,15
416;34,76;18,5;16,09;125,31
416;48,52;22,76;22,21;206,99
417;25,33;13,48;8,81;54,63
417;36,43;16,86;12,71;91,5
417;50,2;21,26;17,18;141,98
417;63,07;24,12;20,88;202,58
418;25,43;13,32;10,66;61,14
418;36,53;17,08;16,67;120,33
418;50,3;24,22;22,65;223,3
418;63,17;25,9;26,94;293,38
419;25,43;15,52;14,41;100,24
419;50,3;25,26;28;286,94
419;63,17;27,34;32,73;372,42
420;36,53;15,82;12,97;91,04
420;50,3;20,18;18,58;155,84
420;63,17;22,32;22,07;207,44
421;24,38;11,3;7,26;32,78
421;35,48;17,42;14,73;109,58
421;49,24;21,8;21,99;202,68
421;62,12;26,38;26,99;300,71
422;24,74;8,4;4,82;16,42
423;24,67;10,62;7,49;35,6
423;36,83;16,2;15,42;111,34
423;48,62;21,72;20,24;200,91
423;61,01;23,87;24,48;261,62
423;73,65;26,73;28,17;325,02
424;36,83;16,46;13,09;92,19
424;48,62;21,12;18,09;170,66
424;61,01;23,7;21,89;224,64
424;73,65;25,68;25,06;275,45
425;29,86;14,82;9,54;56,23
425;36,63;18,56;13,6;94,03
425;53,19;25,56;22;213,65
426;29,86;14,38;11,62;72,05
426;36,63;18,54;16,18;122,44
426;53,19;25,72;24,29;250,39
427;29,86;16,44;13,44;92,16
427;36,63;18,7;18,46;140,11
427;53,19;26,46;26,44;282,79
428;29,7;17,66;16,72;130,92
428;36,47;21,39;20,1;171,08
429;24,7;14,34;12,66;74,72
429;37,58;17,46;20,69;139,25
429;47,8;20,5;25,22;199,88
429;60,45;27,02;29,85;317,48
429;70,89;29,52;31,81;353,35
430;29,57;18,7;17,87;128,52
430;42,44;23,28;23,38;206,71
430;52,66;26,24;26;257,52
430;65,31;29,32;29,49;359,83
430;75,76;31,03;31,99;395,98
431;24,51;13;12,01;66,73
431;37,65;21,18;21,66;197,48
431;47,6;24,16;25,53;268,17
431;61,5;26,83;29,5;344,94
431;76,15;30,03;31,87;413,15
432;24,51;11,46;11,93;57,05
432;37,65;18,74;20,6;165,31
432;47,6;22,7;25,19;249,9
432;61,5;25,45;30,03;348,53
432;76,15;28,82;32,76;426,94
433;37,65;19,86;18,75;165,03
433;47,6;22,32;23,11;227,77
433;61,5;26,73;27,55;309,18
433;76,15;30,38;29,92;382,73
434;25,53;13,48;10,7;64,26
434;38,67;18,66;19,2;138,12
434;48,62;19,68;23,12;201,5
434;62,52;25,73;27,02;309,33
434;77,17;29,58;30,15;384,68
435;38,67;20,38;21,83;188,47
435;48,62;22,92;25,94;255,19
435;62,52;25,58;30,21;339,02
435;77,17;29,52;33,04;428,25
436;38,21;18,1;19,35;156,26
436;48,16;22,84;22,49;230,37
436;62,06;25,98;26,61;305,81
436;77,86;29,05;30,46;376,89
437;24,87;11,06;7,23;33,07
437;38,01;16,78;16,05;114,97
437;47,96;20;20,11;167,43
437;61,86;25,7;24,81;288,22
437;76,51;29,02;28,24;360,71
438;38,01;16,42;15,13;104,9
438;47,96;20,02;18,54;155,34
438;61,86;23,63;22,88;234,7
438;76,51;26,87;25,99;297,84
439;23,23;10,8;7,28;33,78
439;36,37;14,48;13,57;89,62
439;46,32;17,78;16,84;136,32
439;60,22;22,2;21,19;214,44
439;74,87;25,8;24,95;290,35
440;36,37;14,52;11,89;75,61
440;46,32;16,7;15,11;110,44
440;60,22;21,35;19,12;187
440;74,87;24,5;22,26;248,42
441;27,79;11,72;10,24;52,3
441;38,76;16,44;17,02;123,15
441;52,66;21,2;22,27;214,48
441;67,31;25,36;26,29;301,68
442;38,76;19,6;20,99;176,42
442;52,66;24,58;27,49;301,95
442;67,31;29,02;32,32;419,02
443;27,86;11,28;7,79;40,62
443;38,83;16,58;13,21;94,44
443;52,73;20,44;17,76;164,47
443;68,53;23,82;20,61;219,68
444;38,83;18,62;14,55;113,65
444;52,73;23,18;20,3;206,33
444;68,53;27,4;24,16;290,3
445;27,43;11,22;7,85;37,97
445;38,67;17,3;13,1;99,23
445;52,69;22,12;19,41;174,41
445;63,96;25,38;22,16;235,77
446;38,67;17,64;15,24;119,13
446;52,69;22,36;20,02;192,77
446;63,96;25,24;22,75;252,57
447;20,5;11,4;6,91;34,15
447;31,73;16,72;14,4;110,74
447;45,76;22,86;22,04;210,84
447;57,03;25,54;25,33;273,66
448;20,5;11,42;7,69;36,83
448;45,76;22,72;21,98;208,76
448;57,03;27,8;25,58;301,97
449;23,49;9,14;7,22;27,31
449;34,69;14,72;14,67;96,05
449;47,86;21,46;21,22;196,58
449;60,68;24,32;25,44;255,24
449;72,83;28,4;29,16;336,42
450;34,69;17,32;18,79;134,68
451;23,52;10,46;6,79;31,7
451;34,72;16,04;13,73;98,11
451;47,9;21,88;20,18;194,56
451;60,71;24,92;24,12;253,56
451;72,86;28,62;26,92;321,55
452;23,52;10,46;7,96;36,34
452;34,72;16,3;13,74;93,69
452;47,9;21,46;19,3;179,48
452;60,71;24,32;23,17;237,51
452;72,86;28,2;26,82;307,05
453;34,72;17,26;16,53;126,26
453;47,9;23,18;21,79;232,73
453;60,71;24,98;25,44;269,64
453;72,86;29,28;28,54;346,32
454;28,32;14;11,91;76,12
454;53,42;23,44;25,71;259,56
454;65,64;26,28;28,74;306,41
454;77,56;30,1;31,53;394,75
455;28,32;15,12;13,82;91,4
455;53,42;24,84;27,95;282,88
455;65,64;27,58;32,03;355,08
455;77,56;30,92;35,06;449,06
456;53,42;24;25,87;266,22
456;65,64;26,5;28,88;305,72
456;77,56;29,84;31,5;393,86
457;53,42;24,12;25,65;261,55
457;65,64;26,94;28,94;310,5
457;77,56;30,12;31,4;382,27
458;25,3;15,14;15,87;96,13
458;37,48;21,42;23,86;210,06
459;37,48;19,22;15,88;125,71
460;25,39;13,36;13,9;77,86
460;37,58;21,52;22,59;191,71
461;26,51;13,88;10,64;54,78
461;38,7;20,8;18,53;149,02
462;38,7;22,36;23,83;221
463;26,68;14,54;12,19;69,29
463;38,86;20,52;19,84;162,67
464;25,3;13,12;12,8;68,64
464;37,48;21,48;20,11;164,04
465;37,48;18,08;15,84;118,08
466;22,4;11,9;8,21;43,93
466;36,17;19,06;17,98;148,49
466;45,14;23,26;22,43;250,77
466;58,51;25,27;28,83;319,05
466;70,43;28,2;32,36;378,14
466;77,86;29,47;34,54;417,43
467;22,4;9,4;5,25;21,27
467;36,17;17;13,33;96,82
467;45,14;19,32;17,63;146,41
467;58,51;23,17;21,93;214,32
467;70,43;25,67;25,02;264,86
467;77,86;26,93;26,42;292,63
468;36,17;14,96;11,09;74,49
468;45,14;18,36;14,52;119,88
468;58,51;21,13;18,98;173,27
468;70,43;23,65;21,61;210,91
468;77,86;24,95;22,59;234,57
469;24,05;13,6;10,03;57,27
469;37,81;17,2;15,43;115,8
469;46,78;19,22;17,76;149,19
469;60,15;22,95;23,05;225,38
469;72,08;25,65;26,12;272,87
469;79,5;25,75;26,78;285,6
470;24,05;12,3;9,88;53,36
470;37,81;15,56;13,68;96,32
470;46,78;16,42;15,41;111,2
470;60,15;20,8;20,54;184,44
470;72,08;23,77;23,85;234,96
470;79,5;25,02;24,72;255,54
471;25,76;10,56;8,46;36,82
471;40,01;17,68;16,14;118,83
472;40,01;20,16;19,61;160,65
473;24,84;12,52;10,7;55,29
473;39,09;20,04;20,27;167,25
474;39,09;21,52;21,9;195,17
475;27,76;15,9;17,01;114,72
475;42,02;20,68;24,11;203,96
476;27,83;11,7;7,24;35,36
476;42,08;18,38;14,27;105,7
477;42,08;20,24;18,65;155,93
478;27,89;15,22;14,22;89,97
478;42,15;21,44;22,04;195,74
479;23,46;11,56;9,09;41,76
479;35,45;17,04;18,39;131,29
479;48,65;20,66;24,03;201,36
479;60,71;23,88;27,82;275,71
480;35,45;18,1;18,2;140,45
480;48,65;21,32;23,43;205,36
480;60,71;25,44;27,35;293,44
481;23,59;12,16;9,65;48,68
481;35,58;18,3;18,26;143,15
481;48,78;23,94;24,68;240,71
481;60,84;27,52;28,26;327,18
482;23,62;12,98;10,41;53,67
482;35,61;18,1;17,93;141,23
482;48,82;22,98;22,81;207,23
482;60,87;26,38;26,04;283,84
483;23,59;12,76;10,68;58,75
483;35,58;17,94;18,58;153,24
483;48,78;22,16;23,92;218,86
483;60,84;25,22;27,65;285,67
