"arvore";"cap";"ht";"hi";"dicc";"espcasca"
1147;48;21,4;0,1;19,19;0,705
1147;48;21,4;0,7;16,42;0,694
1147;48;21,4;1,3;15,28;0,563
1147;48;21,4;2,5;14,64;0,426
1147;48;21,4;3,7;13,75;0,432
1147;48;21,4;4,9;13,43;0,31
1147;48;21,4;6,1;12,96;0,321
1147;48;21,4;7,3;12,16;0,355
1147;48;21,4;8,5;11,4;0,254
1147;48;21,4;9,7;10,7;0,251
1147;48;21,4;10,9;10,15;0,265
1147;48;21,4;12,1;9,55;0,266
1147;48;21,4;13,3;8,82;0,256
1147;48;21,4;14,5;7,73;0,269
1147;48;21,4;15,7;6,78;0,217
1147;48;21,4;16,9;6,05;0,219
1147;48;21,4;18,1;4,93;0,2
1147;48;21,4;19,3;3,25;0,134
1147;48;21,4;20,5;1,43;0,081
1147;48;21,4;20,9;0,86;0,056
1078;58,31;26,2;0,1;21,9;1,209
1078;58,31;26,2;0,7;19,35;0,761
1078;58,31;26,2;1,3;18,56;0,7365
1078;58,31;26,2;2,5;17,83;0,6225
1078;58,31;26,2;3,7;17,19;0,6115
1078;58,31;26,2;4,9;16,93;0,671
1078;58,31;26,2;6,1;16,55;0,628
1078;58,31;26,2;7,3;16,49;0,575
1078;58,31;26,2;8,5;15,92;0,626
1078;58,31;26,2;9,7;15,76;0,501
1078;58,31;26,2;10,9;14,26;0,421
1078;58,31;26,2;12,1;13,53;0,4165
1078;58,31;26,2;13,3;12,51;0,364
1078;58,31;26,2;14,5;11,78;0,293
1078;58,31;26,2;15,7;11,2;0,363
1078;58,31;26,2;16,9;10,15;0,3095
1078;58,31;26,2;18,1;9,29;0,3125
1078;58,31;26,2;19,3;8,44;0,295
1078;58,31;26,2;20,5;7,64;0,262
1078;58,31;26,2;21,7;6,53;0,2675
1078;58,31;26,2;22,9;4,9;0,219
1078;58,31;26,2;24,1;3,63;0,1995
1078;58,31;26,2;25,3;0,16;0,121
1078;58,31;26,2;25,6;0,1;0,046
1079;52,59;25,6;0,1;20,94;1,011
1149;51,49;24,5;0,1;20,05;0,905
1149;51,49;24,5;0,7;16,71;0,757
1079;52,59;25,6;0,7;18,02;0,805
1149;51,49;24,5;1,3;16,39;0,731
1079;52,59;25,6;1,3;16,74;0,6605
1149;51,49;24,5;2,5;15,28;0,469
1079;52,59;25,6;2,5;16,49;0,569
1079;52,59;25,6;3,7;15,53;0,505
1149;51,49;24,5;3,7;15,06;0,352
1149;51,49;24,5;4,9;14,8;0,445
1079;52,59;25,6;4,9;15,02;0,508
1079;52,59;25,6;6,1;14,58;0,4215
1149;51,49;24,5;6,1;14,29;0,366
1079;52,59;25,6;7,3;14,07;0,333
1149;51,49;24,5;7,3;13,37;0,323
1079;52,59;25,6;8,5;13,21;0,2885
1149;51,49;24,5;8,5;12,57;0,289
1079;52,59;25,6;9,7;12,73;0,279
1149;51,49;24,5;9,7;12,22;0,351
1149;51,49;24,5;10,9;11,52;0,308
1079;52,59;25,6;10,9;12,03;0,2775
1149;51,49;24,5;12,1;10,89;0,273
1079;52,59;25,6;12,1;11,4;0,2715
1079;52,59;25,6;13,3;10,85;0,23
1149;51,49;24,5;13,3;10,03;0,278
1079;52,59;25,6;14,5;10,25;0,247
1149;51,49;24,5;14,5;9,23;0,252
1079;52,59;25,6;15,7;9,96;0,254
1149;51,49;24,5;15,7;8,66;0,259
1079;52,59;25,6;16,9;8,82;0,2275
1149;51,49;24,5;16,9;8,02;0,298
1149;51,49;24,5;18,1;7,54;0,264
1079;52,59;25,6;18,1;8,09;0,219
1079;52,59;25,6;19,3;7,73;0,2315
1149;51,49;24,5;19,3;6,3;0,293
1079;52,59;25,6;20,5;6,56;0,2125
1149;51,49;24,5;20,5;5,51;0,252
1149;51,49;24,5;21,7;4,3;0,179
1079;52,59;25,6;21,7;6,11;0,2185
1079;52,59;25,6;22,9;4,58;0,176
1149;51,49;24,5;22,9;2,55;0,111
1149;51,49;24,5;24,1;0,8;0,07
1079;52,59;25,6;24,1;0,29;0,1485
1079;52,59;25,6;25,2;0,1;0,0995
1150;59,5;26;0,1;23,87;1,092
1150;59,5;26;0,7;19,89;0,855
1150;59,5;26;1,3;18,94;0,762
1150;59,5;26;2,5;17,7;0,573
1150;59,5;26;3,7;17;0,342
1150;59,5;26;4,9;16,55;0,358
1150;59,5;26;6,1;16,39;0,38
1150;59,5;26;7,3;15,57;0,363
1150;59,5;26;8,5;14,93;0,335
1150;59,5;26;9,7;14,58;0,338
1150;59,5;26;10,9;14,2;0,401
1150;59,5;26;12,1;13,21;0,321
1150;59,5;26;13,3;12,54;0,359
1150;59,5;26;14,5;11,46;0,321
1150;59,5;26;15,7;10,82;0,296
1150;59,5;26;16,9;10,38;0,338
1150;59,5;26;18,1;9,61;0,246
1150;59,5;26;19,3;8,37;0,286
1150;59,5;26;20,5;7,8;0,333
1150;59,5;26;21,7;7;0,33
1150;59,5;26;22,9;5,16;0,251
1150;59,5;26;24,1;3,5;0,172
1150;59,5;26;25,3;1,34;0,114
1150;59,5;26;25,6;0,95;0,071
1081;53,5;25,9;0,1;20,63;1,126
1081;53,5;25,9;0,7;17,67;0,9075
1081;53,5;25,9;1,3;17,03;0,732
1081;53,5;25,9;2,5;16,71;0,6265
1081;53,5;25,9;3,7;16,39;0,566
1081;53,5;25,9;4,9;15,44;0,44
1081;53,5;25,9;6,1;14,96;0,3985
1081;53,5;25,9;7,3;14,48;0,442
1081;53,5;25,9;8,5;13,91;0,294
1081;53,5;25,9;9,7;13,18;0,325
1081;53,5;25,9;10,9;12,51;0,276
1081;53,5;25,9;12,1;11,94;0,3405
1081;53,5;25,9;13,3;11,14;0,264
1081;53,5;25,9;14,5;10,98;0,355
1081;53,5;25,9;15,7;9,87;0,355
1081;53,5;25,9;16,9;9,01;0,304
1081;53,5;25,9;18,1;8,4;0,307
1081;53,5;25,9;19,3;7,29;0,2305
1081;53,5;25,9;20,5;6,72;0,2695
1081;53,5;25,9;21,7;6,08;0,249
1081;53,5;25,9;22,9;4,93;0,198
1081;53,5;25,9;24,1;2,74;0,135
1081;53,5;25,9;25,3;1,02;0,1125
1082;50,01;24,9;0,1;18,88;1,085
1082;50,01;24,9;0,7;17,03;0,8615
1082;50,01;24,9;1,3;15,92;0,7495
1082;50,01;24,9;2,5;15,72;0,6395
1082;50,01;24,9;3,7;14,87;0,5075
1082;50,01;24,9;4,9;14,55;0,525
1082;50,01;24,9;6,1;14,32;0,505
1082;50,01;24,9;7,3;13,59;0,434
1082;50,01;24,9;8,5;12,96;0,3325
1082;50,01;24,9;9,7;12,1;0,3585
1082;50,01;24,9;10,9;11,78;0,333
1082;50,01;24,9;12,1;11,3;0,312
1082;50,01;24,9;13,3;10,85;0,306
1082;50,01;24,9;14,5;9,8;0,2855
1082;50,01;24,9;15,7;8,85;0,255
1082;50,01;24,9;16,9;8,18;0,27
1082;50,01;24,9;18,1;7,38;0,283
1082;50,01;24,9;19,3;6,68;0,25
1082;50,01;24,9;20,5;6,37;0,228
1082;50,01;24,9;21,7;4,49;0,187
1082;50,01;24,9;22,9;3,53;0,1485
1082;50,01;24,9;24,1;1,37;0,0925
1082;50,01;24,9;24,4;0,89;0,0785
1153;45,3;21,9;0,1;17,06;0,829
1083;51,49;24,84;0,1;20,21;1,3175
1083;51,49;24,84;0,7;17,22;0,838
1153;45,3;21,9;0,7;15,12;0,85
1083;51,49;24,84;1,3;16,39;0,7935
1153;45,3;21,9;1,3;14,42;0,523
1153;45,3;21,9;2,5;13,46;0,331
1083;51,49;24,84;2,5;16,07;0,593
1153;45,3;21,9;3,7;12,64;0,32
1083;51,49;24,84;3,7;15,79;0,6605
1153;45,3;21,9;4,9;12,16;0,29
1083;51,49;24,84;4,9;14,99;0,605
1083;51,49;24,84;6,1;14,32;0,3705
1153;45,3;21,9;6,1;11,81;0,277
1083;51,49;24,84;7,3;13,78;0,37
1153;45,3;21,9;7,3;11,46;0,249
1083;51,49;24,84;8,5;13,05;0,377
1153;45,3;21,9;8,5;11,05;0,26
1083;51,49;24,84;9,7;12,67;0,3355
1153;45,3;21,9;9,7;10,38;0,233
1083;51,49;24,84;10,9;11,65;0,301
1153;45,3;21,9;10,9;9,93;0,25
1083;51,49;24,84;12,1;11,05;0,286
1153;45,3;21,9;12,1;9,33;0,229
1083;51,49;24,84;13,3;10,47;0,2925
1153;45,3;21,9;13,3;8,63;0,227
1083;51,49;24,84;14,5;10,19;0,324
1153;45,3;21,9;14,5;7,86;0,23
1153;45,3;21,9;15,7;6,94;0,225
1083;51,49;24,84;15,7;9,04;0,2935
1153;45,3;21,9;16,9;6,3;0,209
1083;51,49;24,84;16,9;8,4;0,2595
1153;45,3;21,9;18,1;5,7;0,216
1083;51,49;24,84;18,1;7,58;0,298
1083;51,49;24,84;19,3;7,1;0,275
1153;45,3;21,9;19,3;4,01;0,181
1153;45,3;21,9;20,5;2,86;0,138
1083;51,49;24,84;20,5;5,95;0,2485
1153;45,3;21,9;21,5;0,92;0,082
1083;51,49;24,84;21,7;4,52;0,196
1083;51,49;24,84;22,9;3,34;0,1735
1083;51,49;24,84;24,1;1,56;0,1125
1155;32,2;18,2;0,1;14,64;0,702
1155;32,2;18,2;0,7;10,98;0,327
1155;32,2;18,2;1,3;10,25;0,265
1155;32,2;18,2;2,5;9,71;0,165
1155;32,2;18,2;3,7;8,98;0,207
1155;32,2;18,2;4,9;8,59;0,164
1155;32,2;18,2;6,1;8,12;0,173
1155;32,2;18,2;7,3;7,64;0,179
1155;32,2;18,2;8,5;7,1;0,144
1155;32,2;18,2;9,7;6,65;0,145
1155;32,2;18,2;10,9;6,21;0,16
1155;32,2;18,2;12,1;5,41;0,144
1155;32,2;18,2;13,3;4,77;0,117
1155;32,2;18,2;14,5;4,2;0,153
1155;32,2;18,2;15,7;3,34;0,131
1155;32,2;18,2;16,9;2,04;0,108
1155;32,2;18,2;17,8;0,89;0,073
1156;30,5;16,5;0,1;11,78;0,645
1086;54;23,8;0,1;21,58;1,184
1156;30,5;16,5;0,7;10,5;0,397
1086;54;23,8;0,7;18,24;1,033
1086;54;23,8;1,3;17,19;0,7635
1156;30,5;16,5;1,3;9,71;0,324
1156;30,5;16,5;2,5;9,07;0,246
1086;54;23,8;2,5;16,17;0,647
1086;54;23,8;3,7;15,44;0,493
1156;30,5;16,5;3,7;8,28;0,22
1086;54;23,8;4,9;14,64;0,552
1156;30,5;16,5;4,9;7,8;0,158
1156;30,5;16,5;6,1;7,38;0,156
1086;54;23,8;6,1;14,48;0,47
1086;54;23,8;7,3;13,69;0,411
1156;30,5;16,5;7,3;6,78;0,145
1156;30,5;16,5;8,5;6,27;0,14
1086;54;23,8;8,5;13,05;0,319
1086;54;23,8;9,7;12,25;0,422
1156;30,5;16,5;9,7;5,73;0,133
1156;30,5;16,5;10,9;5;0,129
1086;54;23,8;10,9;11,62;0,28
1086;54;23,8;12,1;10,82;0,2875
1156;30,5;16,5;12,1;4,58;0,121
1086;54;23,8;13,3;10,57;0,3185
1156;30,5;16,5;13,3;3,98;0,163
1086;54;23,8;14,5;9,61;0,264
1156;30,5;16,5;14,5;2,86;0,154
1156;30,5;16,5;15,7;1,05;0,09
1086;54;23,8;15,7;8,79;0,278
1086;54;23,8;16,9;7,86;0,256
1086;54;23,8;18,1;7,16;0,2415
1086;54;23,8;19,3;6,3;0,246
1086;54;23,8;20,5;5,41;0,278
1086;54;23,8;21,7;3,37;0,153
1086;54;23,8;22,9;1,72;0,116
1086;54;23,8;23,3;0,67;0,0685
1087;61,01;27,27;0,1;23,87;1,1995
1087;61,01;27,27;0,7;20,69;0,8785
1087;61,01;27,27;1,3;19,42;0,761
1087;61,01;27,27;2,5;18,53;0,6575
1087;61,01;27,27;3,7;18,14;0,6545
1087;61,01;27,27;4,9;17,6;0,548
1087;61,01;27,27;6,1;17,09;0,498
1087;61,01;27,27;7,3;16,36;0,461
1087;61,01;27,27;8,5;15,98;0,395
1087;61,01;27,27;9,7;14,99;0,352
1087;61,01;27,27;10,9;13,97;0,309
1087;61,01;27,27;12,1;13,53;0,322
1087;61,01;27,27;13,3;12,83;0,3295
1087;61,01;27,27;14,5;12,16;0,292
1087;61,01;27,27;15,7;11,3;0,275
1087;61,01;27,27;16,9;10,47;0,2605
1087;61,01;27,27;18,1;9,61;0,2675
1087;61,01;27,27;19,3;8,91;0,2545
1087;61,01;27,27;20,5;7,96;0,258
1087;61,01;27,27;21,7;7,07;0,27
1087;61,01;27,27;22,9;6,59;0,33
1087;61,01;27,27;24,1;5,09;0,1705
1087;61,01;27,27;25,3;3,34;0,169
1087;61,01;27,27;26,5;1,56;0,114
1088;59,78;26,46;0,1;22,7;1,3155
1158;56,71;24,1;0,1;23,24;1,016
1088;59,78;26,46;0,7;19,99;0,8465
1158;56,71;24,1;0,7;19,89;0,755
1088;59,78;26,46;1,3;19,03;0,7895
1158;56,71;24,1;1,3;18,05;0,457
1088;59,78;26,46;2,5;18,14;0,8595
1158;56,71;24,1;2,5;16,62;0,362
1088;59,78;26,46;3,7;17,67;0,6775
1158;56,71;24,1;3,7;15,5;0,312
1088;59,78;26,46;4,9;17,19;0,555
1158;56,71;24,1;4,9;15,28;0,282
1158;56,71;24,1;6,1;15,22;0,311
1088;59,78;26,46;6,1;16,71;0,625
1158;56,71;24,1;7,3;14,51;0,324
1088;59,78;26,46;7,3;16,3;0,4755
1088;59,78;26,46;8,5;15,44;0,384
1158;56,71;24,1;8,5;13,75;0,346
1088;59,78;26,46;9,7;14,55;0,3705
1158;56,71;24,1;9,7;13,15;0,285
1158;56,71;24,1;10,9;12,29;0,248
1088;59,78;26,46;10,9;13,69;0,295
1158;56,71;24,1;12,1;11,59;0,268
1088;59,78;26,46;12,1;13,31;0,3125
1088;59,78;26,46;13,3;12,64;0,346
1158;56,71;24,1;13,3;10,73;0,239
1088;59,78;26,46;14,5;11,49;0,3045
1158;56,71;24,1;14,5;10,47;0,289
1088;59,78;26,46;15,7;11,14;0,254
1158;56,71;24,1;15,7;9,29;0,256
1158;56,71;24,1;16,9;8,91;0,257
1088;59,78;26,46;16,9;9,87;0,2925
1088;59,78;26,46;18,1;9,07;0,2345
1158;56,71;24,1;18,1;7,7;0,212
1158;56,71;24,1;19,3;6,43;0,217
1088;59,78;26,46;19,3;8,09;0,2185
1088;59,78;26,46;20,5;7;0,255
1158;56,71;24,1;20,5;5,83;0,258
1158;56,71;24,1;21,7;4,07;0,168
1088;59,78;26,46;21,7;5,47;0,2535
1088;59,78;26,46;22,9;4,14;0,145
1158;56,71;24,1;22,9;2,23;0,11
1158;56,71;24,1;23,7;0,73;0,071
1088;59,78;26,46;24,1;3,09;0,137
1088;59,78;26,46;25,3;1,59;0,1035
1088;59,78;26,46;25,8;0,86;0,061
1089;63,21;27,7;0,1;24,38;1,208
1159;63,49;27,5;0,1;26,1;0,683
1159;63,49;27,5;0,7;21,23;0,547
1089;63,21;27,7;0,7;20,79;1,1445
1159;63,49;27,5;1,3;20,21;0,505
1089;63,21;27,7;1,3;20,12;0,8075
1089;63,21;27,7;2,5;19,03;0,7485
1159;63,49;27,5;2,5;19,32;0,487
1089;63,21;27,7;3,7;18,65;0,705
1159;63,49;27,5;3,7;18,65;0,361
1089;63,21;27,7;4,9;18,3;0,697
1159;63,49;27,5;4,9;18,4;0,351
1159;63,49;27,5;6,1;17,57;0,338
1089;63,21;27,7;6,1;17,51;0,5675
1159;63,49;27,5;7,3;17,22;0,343
1089;63,21;27,7;7,3;16,97;0,4205
1159;63,49;27,5;8,5;16,52;0,331
1089;63,21;27,7;8,5;15,79;0,4225
1159;63,49;27,5;9,7;15,57;0,243
1089;63,21;27,7;9,7;15,28;0,382
1089;63,21;27,7;10,9;14,51;0,3395
1159;63,49;27,5;10,9;15,09;0,239
1159;63,49;27,5;12,1;14,1;0,256
1089;63,21;27,7;12,1;14,1;0,288
1089;63,21;27,7;13,3;13,37;0,356
1159;63,49;27,5;13,3;13,59;0,293
1089;63,21;27,7;14,5;12,61;0,3285
1159;63,49;27,5;14,5;13,05;0,306
1089;63,21;27,7;15,7;11,94;0,312
1159;63,49;27,5;15,7;12,38;0,248
1089;63,21;27,7;16,9;10,98;0,2725
1159;63,49;27,5;16,9;11,36;0,244
1159;63,49;27,5;18,1;10,73;0,235
1089;63,21;27,7;18,1;10,25;0,2675
1159;63,49;27,5;19,3;10,28;0,309
1089;63,21;27,7;19,3;9,84;0,343
1159;63,49;27,5;20,5;9,49;0,263
1089;63,21;27,7;20,5;8,34;0,2485
1159;63,49;27,5;21,7;8,59;0,293
1089;63,21;27,7;21,7;7,93;0,2895
1089;63,21;27,7;22,9;7,16;0,2915
1159;63,49;27,5;22,9;7,42;0,292
1159;63,49;27,5;24,1;6,21;0,267
1089;63,21;27,7;24,1;5,28;0,198
1159;63,49;27,5;25,3;4,3;0,16
1089;63,21;27,7;25,3;4,07;0,1725
1089;63,21;27,7;26,5;2,36;0,1125
1159;63,49;27,5;26,5;1,91;0,128
1159;63,49;27,5;27;0,95;0,069
1089;63,21;27,7;27;1,21;0,072
1160;38,99;21,2;0,1;15,6;0,681
1090;46,5;24,3;0,1;18,78;1,109
1160;38,99;21,2;0,7;13,21;0,55
1090;46,5;24,3;0,7;15,63;0,849
1090;46,5;24,3;1,3;14,8;0,5745
1160;38,99;21,2;1,3;12,41;0,346
1090;46,5;24,3;2,5;14,01;0,6045
1160;38,99;21,2;2,5;12,03;0,287
1090;46,5;24,3;3,7;13,69;0,493
1160;38,99;21,2;3,7;11,62;0,234
1160;38,99;21,2;4,9;10,92;0,211
1090;46,5;24,3;4,9;13,05;0,495
1090;46,5;24,3;6,1;12,57;0,421
1160;38,99;21,2;6,1;10,41;0,193
1160;38,99;21,2;7,3;9,93;0,189
1090;46,5;24,3;7,3;11,97;0,3215
1160;38,99;21,2;8,5;9,39;0,174
1090;46,5;24,3;8,5;11,78;0,2815
1090;46,5;24,3;9,7;10,6;0,24
1160;38,99;21,2;9,7;8,91;0,185
1160;38,99;21,2;10,9;8,34;0,147
1090;46,5;24,3;10,9;9,96;0,214
1160;38,99;21,2;12,1;7,8;0,161
1090;46,5;24,3;12,1;9,71;0,2405
1090;46,5;24,3;13,3;9,04;0,2255
1160;38,99;21,2;13,3;7,16;0,167
1160;38,99;21,2;14,5;6,56;0,146
1090;46,5;24,3;14,5;8,34;0,2525
1090;46,5;24,3;15,7;7,64;0,225
1160;38,99;21,2;15,7;6,02;0,148
1090;46,5;24,3;16,9;7,1;0,2085
1160;38,99;21,2;16,9;5,16;0,155
1090;46,5;24,3;18,1;6,27;0,1815
1160;38,99;21,2;18,1;4,2;0,15
1160;38,99;21,2;19,3;2,86;0,145
1090;46,5;24,3;19,3;5,57;0,2075
1160;38,99;21,2;20,5;1,59;0,118
1090;46,5;24,3;20,5;5;0,1905
1160;38,99;21,2;20,7;0,89;0,06
1090;46,5;24,3;21,7;3,6;0,1475
1090;46,5;24,3;22,9;2,48;0,1425
1090;46,5;24,3;23,7;1,02;0,108
1161;42;23,8;0,1;14,8;0,538
1091;62,2;27,1;0,1;23,24;1,329
1091;62,2;27,1;0,7;20,69;0,982
1161;42;23,8;0,7;13,85;0,472
1161;42;23,8;1,3;13,37;0,44
1091;62,2;27,1;1,3;19,8;0,812
1091;62,2;27,1;2,5;19,1;0,7165
1161;42;23,8;2,5;12,73;0,372
1091;62,2;27,1;3,7;18,4;0,664
1161;42;23,8;3,7;12,25;0,327
1161;42;23,8;4,9;11,78;0,249
1091;62,2;27,1;4,9;17,98;0,686
1161;42;23,8;6,1;11,3;0,212
1091;62,2;27,1;6,1;16,87;0,414
1091;62,2;27,1;7,3;16,39;0,4505
1161;42;23,8;7,3;10,89;0,219
1161;42;23,8;8,5;10,41;0,217
1091;62,2;27,1;8,5;15,69;0,3795
1091;62,2;27,1;9,7;15,02;0,375
1161;42;23,8;9,7;10,03;0,192
1161;42;23,8;10,9;9,71;0,205
1091;62,2;27,1;10,9;14,42;0,3615
1161;42;23,8;12,1;9,1;0,206
1091;62,2;27,1;12,1;13,53;0,334
1091;62,2;27,1;13,3;13,24;0,325
1161;42;23,8;13,3;8,59;0,201
1161;42;23,8;14,5;7,89;0,2
1091;62,2;27,1;14,5;12,54;0,311
1091;62,2;27,1;15,7;12;0,34
1161;42;23,8;15,7;7,32;0,193
1161;42;23,8;16,9;6,65;0,2
1091;62,2;27,1;16,9;10,89;0,305
1161;42;23,8;18,1;5,83;0,194
1091;62,2;27,1;18,1;9,93;0,293
1161;42;23,8;19,3;5,19;0,188
1091;62,2;27,1;19,3;9,36;0,2895
1161;42;23,8;20,5;4,58;0,198
1091;62,2;27,1;20,5;8,59;0,289
1091;62,2;27,1;21,7;7,26;0,2625
1161;42;23,8;21,7;2,99;0,159
1091;62,2;27,1;22,9;6,49;0,2375
1161;42;23,8;22,9;1,27;0,106
1091;62,2;27,1;24,1;5,03;0,2075
1091;62,2;27,1;25,3;2,77;0,164
1091;62,2;27,1;26,5;0,73;0,076
1162;25,01;14,8;0,1;11,05;0,42
1092;45,49;24,3;0,1;17,83;1,0055
1092;45,49;24,3;0,7;15,15;0,739
1162;25,01;14,8;0,7;8,69;0,294
1092;45,49;24,3;1,3;14,48;0,668
1162;25,01;14,8;1,3;7,96;0,311
1162;25,01;14,8;2,5;7,32;0,19
1092;45,49;24,3;2,5;13,88;0,5625
1092;45,49;24,3;3,7;13,31;0,3385
1162;25,01;14,8;3,7;6,91;0,165
1162;25,01;14,8;4,9;6,53;0,15
1092;45,49;24,3;4,9;12,89;0,373
1162;25,01;14,8;6,1;6,21;0,174
1092;45,49;24,3;6,1;12,29;0,3305
1092;45,49;24,3;7,3;11,59;0,288
1162;25,01;14,8;7,3;5,83;0,184
1162;25,01;14,8;8,5;5,09;0,195
1092;45,49;24,3;8,5;11,14;0,247
1162;25,01;14,8;9,7;4,62;0,137
1092;45,49;24,3;9,7;10,5;0,243
1162;25,01;14,8;10,9;3,82;0,178
1092;45,49;24,3;10,9;10,09;0,1985
1092;45,49;24,3;12,1;9,49;0,201
1162;25,01;14,8;12,1;3,6;0,138
1092;45,49;24,3;13,3;9,23;0,1995
1162;25,01;14,8;13,3;2,32;0,138
1162;25,01;14,8;14,3;0,83;0,073
1092;45,49;24,3;14,5;8,34;0,192
1092;45,49;24,3;15,7;7,73;0,1835
1092;45,49;24,3;16,9;7;0,206
1092;45,49;24,3;18,1;6,68;0,1755
1092;45,49;24,3;19,3;5,79;0,1875
1092;45,49;24,3;20,5;4,87;0,19
1092;45,49;24,3;21,7;3,98;0,155
1092;45,49;24,3;22,9;2,48;0,103
1092;45,49;24,3;23,8;0,89;0,055
1163;27,49;11,9;0,1;11,55;0,633
1163;27,49;11,9;0,7;9,55;0,325
1163;27,49;11,9;1,3;8,75;0,285
1163;27,49;11,9;2,5;8,37;0,248
1163;27,49;11,9;3,7;7,48;0,229
1163;27,49;11,9;4,9;6,91;0,203
1163;27,49;11,9;6,1;6,11;0,184
1163;27,49;11,9;7,3;5,19;0,198
1163;27,49;11,9;8,5;5,03;0,171
1163;27,49;11,9;9,7;3,31;0,155
1163;27,49;11,9;10,9;1,4;0,073
1164;23,5;13,8;0,1;9,45;0,377
1164;23,5;13,8;0,7;7,96;0,246
1164;23,5;13,8;1,3;7,48;0,212
1164;23,5;13,8;2,5;6,91;0,148
1164;23,5;13,8;3,7;6,37;0,148
1164;23,5;13,8;4,9;5,95;0,134
1164;23,5;13,8;6,1;5,54;0,117
1164;23,5;13,8;7,3;5,03;0,116
1164;23,5;13,8;8,5;4,36;0,111
1164;23,5;13,8;9,7;3,82;0,104
1164;23,5;13,8;10,9;3,28;0,105
1164;23,5;13,8;12,1;2,39;0,1
1164;23,5;13,8;13,3;1,11;0,084
1166;42,51;22,3;0,1;16,55;0,596
1166;42,51;22,3;0,7;14,01;0,499
1166;42,51;22,3;1,3;13,53;0,345
1166;42,51;22,3;2,5;12,48;0,211
1166;42,51;22,3;3,7;12,03;0,224
1166;42,51;22,3;4,9;11,75;0,185
1166;42,51;22,3;6,1;11,08;0,189
1166;42,51;22,3;7,3;10,6;0,166
1166;42,51;22,3;8,5;9,93;0,165
1166;42,51;22,3;9,7;9,55;0,149
1166;42,51;22,3;10,9;9,33;0,162
1166;42,51;22,3;12,1;8,53;0,14
1166;42,51;22,3;13,3;7,89;0,159
1166;42,51;22,3;14,5;7,58;0,157
1166;42,51;22,3;15,7;6,91;0,166
1166;42,51;22,3;16,9;6,08;0,183
1166;42,51;22,3;18,1;5,32;0,151
1166;42,51;22,3;19,3;4,3;0,118
1166;42,51;22,3;20,5;2,99;0,181
1166;42,51;22,3;21,7;1,05;0,103
1167;39,49;19,9;0,1;15,53;0,895
1167;39,49;19,9;0,7;12,99;0,881
1167;39,49;19,9;1,3;12,57;0,656
1167;39,49;19,9;2,5;11,36;0,466
1167;39,49;19,9;3,7;10,41;0,408
1167;39,49;19,9;4,9;10,09;0,284
1167;39,49;19,9;6,1;9,64;0,311
1167;39,49;19,9;7,3;9,2;0,189
1167;39,49;19,9;8,5;8,5;0,147
1167;39,49;19,9;9,7;7,99;0,185
1167;39,49;19,9;10,9;7,64;0,144
1167;39,49;19,9;12,1;7;0,178
1167;39,49;19,9;13,3;6,14;0,158
1167;39,49;19,9;14,5;5,32;0,138
1167;39,49;19,9;15,7;4,68;0,146
1167;39,49;19,9;16,9;3,88;0,146
1167;39,49;19,9;18,1;2,64;0,119
1167;39,49;19,9;19,3;0,95;0,071
1168;21,99;12,9;0,1;9,49;0,566
1168;21,99;12,9;0,7;7,23;0,349
1168;21,99;12,9;1,3;7;0,294
1168;21,99;12,9;2,5;6,27;0,241
1168;21,99;12,9;3,7;5,79;0,155
1168;21,99;12,9;4,9;5,41;0,172
1168;21,99;12,9;6,1;4,93;0,133
1168;21,99;12,9;7,3;4,52;0,116
1168;21,99;12,9;8,5;3,88;0,128
1168;21,99;12,9;9,7;3,47;0,116
1168;21,99;12,9;10,9;2,74;0,113
1168;21,99;12,9;12,1;1,08;0,093
1099;40,72;22,5;0,1;16,17;0,935
1169;45,99;24,2;0,1;17,67;0,678
1099;40,72;22,5;0,7;13,4;0,662
1169;45,99;24,2;0,7;15,22;0,405
1099;40,72;22,5;1,3;12,96;0,458
1169;45,99;24,2;1,3;14,64;0,322
1099;40,72;22,5;2,5;12,1;0,45
1169;45,99;24,2;2,5;14,01;0,252
1099;40,72;22,5;3,7;11,62;0,345
1169;45,99;24,2;3,7;13,15;0,251
1099;40,72;22,5;4,9;11,24;0,2835
1169;45,99;24,2;4,9;12,8;0,239
1099;40,72;22,5;6,1;10,82;0,29
1169;45,99;24,2;6,1;12,25;0,239
1099;40,72;22,5;7,3;10,03;0,249
1169;45,99;24,2;7,3;11,87;0,225
1169;45,99;24,2;8,5;11,27;0,216
1099;40,72;22,5;8,5;9,55;0,245
1099;40,72;22,5;9,7;9,33;0,2195
1169;45,99;24,2;9,7;10,82;0,192
1099;40,72;22,5;10,9;8,69;0,198
1169;45,99;24,2;10,9;10,31;0,171
1099;40,72;22,5;12,1;8,18;0,201
1169;45,99;24,2;12,1;10,09;0,188
1169;45,99;24,2;13,3;9,14;0,184
1099;40,72;22,5;13,3;7,61;0,2185
1099;40,72;22,5;14,5;7,07;0,179
1169;45,99;24,2;14,5;8,82;0,162
1099;40,72;22,5;15,7;6,33;0,1705
1169;45,99;24,2;15,7;7,86;0,154
1169;45,99;24,2;16,9;7,16;0,155
1099;40,72;22,5;16,9;5,73;0,1665
1169;45,99;24,2;18,1;6,53;0,165
1099;40,72;22,5;18,1;5,06;0,1415
1099;40,72;22,5;19,3;4,14;0,1925
1169;45,99;24,2;19,3;5,83;0,149
1099;40,72;22,5;20,5;2,32;0,1445
1169;45,99;24,2;20,5;4,87;0,169
1169;45,99;24,2;21,7;3,98;0,172
1099;40,72;22,5;21,7;1,88;0,0885
1099;40,72;22,5;22,1;0,7;0,0475
1169;45,99;24,2;22,9;2,55;0,097
1169;45,99;24,2;23,7;0,92;0,049
1100;62,02;24,7;0,1;21,39;1,1305
1170;22,49;13,3;0,1;8,66;0,526
1170;22,49;13,3;0,7;7,58;0,311
1100;62,02;24,7;0,7;20,24;0,949
1100;62,02;24,7;1,3;19,74;0,85
1170;22,49;13,3;1,3;7,16;0,254
1100;62,02;24,7;2,5;18,78;0,6365
1170;22,49;13,3;2,5;6,68;0,154
1170;22,49;13,3;3,7;6,27;0,156
1100;62,02;24,7;3,7;18,46;0,714
1170;22,49;13,3;4,9;5,79;0,141
1100;62,02;24,7;4,9;17,83;0,5755
1100;62,02;24,7;6,1;16,93;0,489
1170;22,49;13,3;6,1;5,38;0,165
1170;22,49;13,3;7,3;5;0,153
1100;62,02;24,7;7,3;16,33;0,4725
1100;62,02;24,7;8,5;15,15;0,3875
1170;22,49;13,3;8,5;4,46;0,133
1170;22,49;13,3;9,7;3,79;0,101
1100;62,02;24,7;9,7;14,64;0,369
1170;22,49;13,3;10,9;3,02;0,084
1100;62,02;24,7;10,9;14,04;0,3575
1170;22,49;13,3;12,1;1,91;0,083
1100;62,02;24,7;12,1;13,37;0,369
1170;22,49;13,3;12,8;0,89;0,063
1100;62,02;24,7;13,3;12,64;0,3655
1100;62,02;24,7;14,5;12,29;0,4255
1100;62,02;24,7;15,7;11,14;0,363
1100;62,02;24,7;16,9;10,28;0,356
1100;62,02;24,7;18,1;9,58;0,3405
1100;62,02;24,7;19,3;8,59;0,3555
1100;62,02;24,7;20,5;7,26;0,331
1100;62,02;24,7;21,7;5,54;0,276
1100;62,02;24,7;22,9;3,53;0,189
1100;62,02;24,7;24,1;0,16;0,109
1100;62,02;24,7;24,3;0,1;0,0785
1101;57,4;22,97;0,1;22,98;1,546
1171;58,5;25,8;0,1;21,96;0,878
1101;57,4;22,97;0,7;19,35;1,0035
1171;58,5;25,8;0,7;19,1;0,643
1171;58,5;25,8;1,3;18,62;0,591
1101;57,4;22,97;1,3;18,27;0,907
1171;58,5;25,8;2,5;17,6;0,43
1101;57,4;22,97;2,5;17,67;0,7205
1171;58,5;25,8;3,7;16,55;0,368
1101;57,4;22,97;3,7;16,71;0,6685
1171;58,5;25,8;4,9;16,33;0,367
1101;57,4;22,97;4,9;16,55;0,4995
1171;58,5;25,8;6,1;15,92;0,372
1101;57,4;22,97;6,1;15,28;0,4525
1101;57,4;22,97;7,3;14,67;0,4145
1171;58,5;25,8;7,3;15,28;0,384
1171;58,5;25,8;8,5;14,96;0,346
1101;57,4;22,97;8,5;14,23;0,4125
1171;58,5;25,8;9,7;14,23;0,34
1101;57,4;22,97;9,7;13,62;0,387
1101;57,4;22,97;10,9;12,67;0,357
1171;58,5;25,8;10,9;13,43;0,321
1101;57,4;22,97;12,1;12,03;0,327
1171;58,5;25,8;12,1;12,73;0,308
1101;57,4;22,97;13,3;11,14;0,3305
1171;58,5;25,8;13,3;12,38;0,339
1101;57,4;22,97;14,5;10,82;0,342
1171;58,5;25,8;14,5;11,2;0,349
1101;57,4;22,97;15,7;9,61;0,317
1171;58,5;25,8;15,7;10,7;0,303
1171;58,5;25,8;16,9;10,09;0,308
1101;57,4;22,97;16,9;8,85;0,3325
1101;57,4;22,97;18,1;7,51;0,301
1171;58,5;25,8;18,1;8,91;0,26
1101;57,4;22,97;19,3;6,02;0,2285
1171;58,5;25,8;19,3;7,96;0,269
1101;57,4;22,97;20,5;4,2;0,224
1171;58,5;25,8;20,5;7,32;0,287
1171;58,5;25,8;21,7;6,37;0,266
1101;57,4;22,97;21,7;2,55;0,1845
1101;57,4;22,97;22,5;0,76;0,094
1171;58,5;25,8;22,9;4,71;0,197
1171;58,5;25,8;24,1;3,02;0,144
1171;58,5;25,8;25,3;0,95;0,107
1102;51,99;24,7;0,1;20,05;1,3585
1102;51,99;24,7;0,7;17,35;0,945
1102;51,99;24,7;1,3;16,55;0,818
1102;51,99;24,7;2,5;15,98;0,8045
1102;51,99;24,7;3,7;15,69;0,6105
1102;51,99;24,7;4,9;15,28;0,4135
1102;51,99;24,7;6,1;14,2;0,414
1102;51,99;24,7;7,3;13,94;0,4605
1102;51,99;24,7;8,5;13,27;0,4135
1102;51,99;24,7;9,7;12,76;0,354
1102;51,99;24,7;10,9;12,22;0,3225
1102;51,99;24,7;12,1;11,62;0,3015
1102;51,99;24,7;13,3;10,95;0,305
1102;51,99;24,7;14,5;10,31;0,324
1102;51,99;24,7;15,7;9,36;0,273
1102;51,99;24,7;16,9;8,82;0,251
1102;51,99;24,7;18,1;8,15;0,2705
1102;51,99;24,7;19,3;7,1;0,2525
1102;51,99;24,7;20,5;6,05;0,2435
1102;51,99;24,7;21,7;4,68;0,1965
1102;51,99;24,7;22,9;3,25;0,1695
1102;51,99;24,7;24,1;0,83;0,1015
1105;46,59;21,2;0,1;18,49;1,725
1105;46,59;21,2;0,7;15,44;0,9915
1105;46,59;21,2;1,3;14,83;0,829
1105;46,59;21,2;2,5;14,16;0,738
1105;46,59;21,2;3,7;13,43;0,735
1105;46,59;21,2;4,9;12,41;0,445
1105;46,59;21,2;6,1;11,94;0,422
1105;46,59;21,2;7,3;11,4;0,423
1105;46,59;21,2;8,5;10,82;0,3355
1105;46,59;21,2;9,7;10,19;0,3045
1105;46,59;21,2;10,9;9,29;0,306
1105;46,59;21,2;12,1;8,75;0,269
1105;46,59;21,2;13,3;8,4;0,288
1105;46,59;21,2;14,5;7,51;0,266
1105;46,59;21,2;15,7;6,75;0,285
1105;46,59;21,2;16,9;5,98;0,25
1105;46,59;21,2;18,1;4,71;0,232
1105;46,59;21,2;19,3;3,44;0,211
1105;46,59;21,2;20,5;1,27;0,119
1106;43,01;21,2;0,1;16,77;1,175
1106;43,01;21,2;0,7;14,13;1,125
1106;43,01;21,2;1,3;13,69;0,762
1106;43,01;21,2;2,5;13,05;0,561
1106;43,01;21,2;3,7;12,16;0,458
1106;43,01;21,2;4,9;11,46;0,415
1106;43,01;21,2;6,1;11,08;0,346
1106;43,01;21,2;7,3;10,82;0,365
1106;43,01;21,2;8,5;10,09;0,351
1106;43,01;21,2;9,7;9,71;0,39
1106;43,01;21,2;10,9;9,07;0,295
1106;43,01;21,2;12,1;8,18;0,275
1106;43,01;21,2;13,3;7,8;0,345
1106;43,01;21,2;14,5;6,97;0,267
1106;43,01;21,2;15,7;6,68;0,252
1106;43,01;21,2;16,9;6,37;0,418
1106;43,01;21,2;18,1;5,73;0,432
1106;43,01;21,2;19,3;4,04;0,129
1106;43,01;21,2;20,5;1,27;0,118
1177;42,79;23,1;0,1;16,23;0,715
1177;42,79;23,1;0,7;14,32;0,525
1177;42,79;23,1;1,3;13,62;0,521
1177;42,79;23,1;2,5;13,15;0,379
1177;42,79;23,1;3,7;12,25;0,268
1177;42,79;23,1;4,9;12;0,266
1177;42,79;23,1;6,1;11,78;0,243
1177;42,79;23,1;7,3;11,05;0,216
1177;42,79;23,1;8,5;10,5;0,222
1177;42,79;23,1;9,7;9,93;0,231
1177;42,79;23,1;10,9;9,42;0,223
1177;42,79;23,1;12,1;8,98;0,206
1177;42,79;23,1;13,3;8,28;0,178
1177;42,79;23,1;14,5;8,12;0,197
1177;42,79;23,1;15,7;7,45;0,193
1177;42,79;23,1;16,9;6,43;0,187
1177;42,79;23,1;18,1;5,79;0,196
1177;42,79;23,1;19,3;4,87;0,183
1177;42,79;23,1;20,5;3,82;0,128
1177;42,79;23,1;21,7;2,74;0,079
1177;42,79;23,1;22,8;1,02;0,061
1108;62,8;26,3;0,1;23,94;1,279
1108;62,8;26,3;0,7;20,69;1,059
1108;62,8;26,3;1,3;19,99;0,725
1108;62,8;26,3;2,5;19,32;0,915
1108;62,8;26,3;3,7;18,88;0,775
1108;62,8;26,3;4,9;17,98;0,615
1108;62,8;26,3;6,1;17,28;0,758
1108;62,8;26,3;7,3;16,81;0,616
1108;62,8;26,3;8,5;16,11;0,512
1108;62,8;26,3;9,7;15,34;0,494
1108;62,8;26,3;10,9;14,83;0,415
1108;62,8;26,3;12,1;13,81;0,381
1108;62,8;26,3;13,3;13,08;0,331
1108;62,8;26,3;14,5;12,67;0,369
1108;62,8;26,3;15,7;11,97;0,352
1108;62,8;26,3;16,9;11,14;0,339
1108;62,8;26,3;18,1;10,28;0,309
1108;62,8;26,3;19,3;9,33;0,296
1108;62,8;26,3;20,5;8,31;0,295
1108;62,8;26,3;21,7;7,54;0,306
1108;62,8;26,3;22,9;5,16;0,203
1108;62,8;26,3;24,1;3,85;0,2
1108;62,8;26,3;25,3;2,2;0,149
1108;62,8;26,3;25,7;0,76;0,08
1179;57,49;24,4;0,1;22,6;1,492
1179;57,49;24,4;0,7;20,18;0,918
1179;57,49;24,4;1,3;18,3;0,774
1179;57,49;24,4;2,5;17,51;0,478
1179;57,49;24,4;3,7;16,14;0,39
1179;57,49;24,4;4,9;15,72;0,39
1179;57,49;24,4;6,1;15,41;0,46
1179;57,49;24,4;7,3;14,64;0,413
1179;57,49;24,4;8,5;14,1;0,357
1179;57,49;24,4;9,7;13,85;0,344
1179;57,49;24,4;10,9;13,31;0,306
1179;57,49;24,4;12,1;12,1;0,287
1179;57,49;24,4;13,3;11,24;0,288
1179;57,49;24,4;14,5;10,25;0,274
1179;57,49;24,4;15,7;9,71;0,372
1179;57,49;24,4;16,9;9,33;0,342
1179;57,49;24,4;18,1;8,05;0,311
1179;57,49;24,4;19,3;7,19;0,253
1179;57,49;24,4;20,5;6,21;0,305
1179;57,49;24,4;21,7;4,65;0,226
1179;57,49;24,4;22,9;2,93;0,141
1179;57,49;24,4;23,9;0,95;0,09
1110;56,3;25,1;0,1;22,06;1,518
1110;56,3;25,1;0,7;18,75;1,02
1110;56,3;25,1;1,3;17,92;0,785
1110;56,3;25,1;2,5;17,19;0,849
1110;56,3;25,1;3,7;16,81;0,588
1110;56,3;25,1;4,9;15,76;0,535
1110;56,3;25,1;6,1;15,41;0,647
1110;56,3;25,1;7,3;14,9;0,482
1110;56,3;25,1;8,5;14,32;0,454
1110;56,3;25,1;9,7;13,53;0,379
1110;56,3;25,1;10,9;13,05;0,33
1110;56,3;25,1;12,1;12,54;0,338
1110;56,3;25,1;13,3;11,94;0,336
1110;56,3;25,1;14,5;11,17;0,333
1110;56,3;25,1;15,7;10,5;0,312
1110;56,3;25,1;16,9;9,8;0,267
1110;56,3;25,1;18,1;9,17;0,276
1110;56,3;25,1;19,3;7,83;0,274
1110;56,3;25,1;20,5;6,88;0,26
1110;56,3;25,1;21,7;5,38;0,225
1110;56,3;25,1;22,9;3,95;0,213
1110;56,3;25,1;24,1;1,75;0,111
1110;56,3;25,1;24,6;0,73;0,073
1181;46,4;24,3;0,1;19,1;1,045
1181;46,4;24,3;0,7;15,28;0,652
1181;46,4;24,3;1,3;14,77;0,566
1181;46,4;24,3;2,5;14,07;0,481
1181;46,4;24,3;3,7;13,5;0,347
1181;46,4;24,3;4,9;13,05;0,464
1181;46,4;24,3;6,1;12,86;0,434
1181;46,4;24,3;7,3;12,35;0,333
1181;46,4;24,3;8,5;11,62;0,244
1181;46,4;24,3;9,7;10,89;0,219
1181;46,4;24,3;10,9;10,47;0,227
1181;46,4;24,3;12,1;10,28;0,184
1181;46,4;24,3;13,3;9,1;0,241
1181;46,4;24,3;14,5;8,4;0,18
1181;46,4;24,3;15,7;7,86;0,17
1181;46,4;24,3;16,9;7,42;0,213
1181;46,4;24,3;18,1;6,53;0,183
1181;46,4;24,3;19,3;6,05;0,163
1181;46,4;24,3;20,5;4,93;0,174
1181;46,4;24,3;21,7;4,14;0,161
1181;46,4;24,3;22,9;2,48;0,105
1181;46,4;24,3;23,7;0,92;0,06
1112;50,99;24,5;0,1;19,93;1,735
1112;50,99;24,5;0,7;16,81;1,028
1112;50,99;24,5;1,3;16,23;1,238
1112;50,99;24,5;2,5;15,72;0,735
1112;50,99;24,5;3,7;15,44;0,629
1112;50,99;24,5;4,9;14,96;0,621
1112;50,99;24,5;6,1;14,23;0,51
1112;50,99;24,5;7,3;13,62;0,383
1112;50,99;24,5;8,5;12,86;0,403
1112;50,99;24,5;9,7;12,38;0,368
1112;50,99;24,5;10,9;11,87;0,412
1112;50,99;24,5;12,1;10,98;0,27
1112;50,99;24,5;13,3;10,03;0,245
1112;50,99;24,5;14,5;9,49;0,295
1112;50,99;24,5;15,7;8,91;0,287
1112;50,99;24,5;16,9;8,37;0,241
1112;50,99;24,5;18,1;7,32;0,246
1112;50,99;24,5;19,3;6,56;0,221
1112;50,99;24,5;20,5;5,51;0,226
1112;50,99;24,5;21,7;4,49;0,221
1112;50,99;24,5;22,9;2,86;0,128
1112;50,99;24,5;24;0,89;0,063
1183;55,39;26,1;0,1;20,37;1,19
1113;48;21,4;0,1;18,78;1,386
1183;55,39;26,1;0,7;17,92;0,889
1113;48;21,4;0,7;15,76;0,962
1113;48;21,4;1,3;15,28;0,716
1183;55,39;26,1;1,3;17,63;0,932
1113;48;21,4;2,5;14,74;0,64
1183;55,39;26,1;2,5;16,74;0,599
1113;48;21,4;3,7;14,01;0,567
1183;55,39;26,1;3,7;15,92;0,695
1183;55,39;26,1;4,9;15,79;0,498
1113;48;21,4;4,9;13,15;0,5
1183;55,39;26,1;6,1;15,02;0,657
1113;48;21,4;6,1;12,29;0,444
1113;48;21,4;7,3;11,78;0,405
1183;55,39;26,1;7,3;14,36;0,416
1113;48;21,4;8,5;11,36;0,386
1183;55,39;26,1;8,5;13,94;0,384
1113;48;21,4;9,7;10,6;0,328
1183;55,39;26,1;9,7;13,11;0,355
1183;55,39;26,1;10,9;12,35;0,377
1113;48;21,4;10,9;10,03;0,315
1113;48;21,4;12,1;9,23;0,303
1183;55,39;26,1;12,1;11,78;0,348
1113;48;21,4;13,3;8,5;0,301
1183;55,39;26,1;13,3;11,65;0,354
1183;55,39;26,1;14,5;11,33;0,3
1113;48;21,4;14,5;8,18;0,318
1183;55,39;26,1;15,7;10,73;0,293
1113;48;21,4;15,7;7,51;0,353
1113;48;21,4;16,9;7,26;0,41
1183;55,39;26,1;16,9;10,03;0,315
1183;55,39;26,1;18,1;9,14;0,302
1113;48;21,4;18,1;6,53;0,365
1113;48;21,4;19,3;4,27;0,215
1183;55,39;26,1;19,3;8,34;0,319
1113;48;21,4;20,5;1,91;0,192
1183;55,39;26,1;20,5;7,32;0,267
1113;48;21,4;20,9;1,05;0,092
1183;55,39;26,1;21,7;5,98;0,24
1183;55,39;26,1;22,9;4,77;0,256
1183;55,39;26,1;24,1;3,28;0,169
1183;55,39;26,1;25,3;1,53;0,095
1184;44,48;23,3;0,1;15,92;0,92
1184;44,48;23,3;0,7;14,87;0,644
1184;44,48;23,3;1,3;14,16;0,47
1184;44,48;23,3;2,5;13,69;0,394
1184;44,48;23,3;3,7;12,89;0,358
1184;44,48;23,3;4,9;12,22;0,342
1184;44,48;23,3;6,1;12;0,365
1184;44,48;23,3;7,3;10,82;0,315
1184;44,48;23,3;8,5;10,47;0,25
1184;44,48;23,3;9,7;10,19;0,21
1184;44,48;23,3;10,9;9,52;0,229
1184;44,48;23,3;12,1;9,07;0,232
1184;44,48;23,3;13,3;8,44;0,221
1184;44,48;23,3;14,5;7,86;0,212
1184;44,48;23,3;15,7;7,16;0,191
1184;44,48;23,3;16,9;6,56;0,205
1184;44,48;23,3;18,1;5,83;0,201
1184;44,48;23,3;19,3;4,84;0,187
1184;44,48;23,3;20,5;3,88;0,17
1184;44,48;23,3;21,7;2,55;0,112
1184;44,48;23,3;22,9;0,7;0,043
1185;36,51;21,9;0,1;13,08;0,561
1115;44,99;24;0,1;17,73;1,22
1115;44,99;24;0,7;15,15;0,755
1185;36,51;21,9;0,7;12;0,467
1115;44,99;24;1,3;14,32;0,656
1185;36,51;21,9;1,3;11,62;0,443
1115;44,99;24;2,5;14,2;0,585
1185;36,51;21,9;2,5;11,3;0,332
1115;44,99;24;3,7;13,85;0,566
1185;36,51;21,9;3,7;10,92;0,288
1185;36,51;21,9;4,9;10,31;0,244
1115;44,99;24;4,9;13,31;0,395
1115;44,99;24;6,1;12,61;0,385
1185;36,51;21,9;6,1;9,93;0,214
1185;36,51;21,9;7,3;9,68;0,22
1115;44,99;24;7,3;11,94;0,387
1185;36,51;21,9;8,5;9,04;0,187
1115;44,99;24;8,5;11,55;0,345
1115;44,99;24;9,7;11,01;0,282
1185;36,51;21,9;9,7;8,53;0,172
1185;36,51;21,9;10,9;8,21;0,179
1115;44,99;24;10,9;10,38;0,257
1115;44,99;24;12,1;9,74;0,255
1185;36,51;21,9;12,1;7,77;0,17
1185;36,51;21,9;13,3;7,13;0,176
1115;44,99;24;13,3;9,17;0,253
1185;36,51;21,9;14,5;6,46;0,151
1115;44,99;24;14,5;8,53;0,253
1185;36,51;21,9;15,7;6,02;0,154
1115;44,99;24;15,7;7,89;0,247
1115;44,99;24;16,9;7,13;0,214
1185;36,51;21,9;16,9;5,47;0,159
1115;44,99;24;18,1;6,68;0,231
1185;36,51;21,9;18,1;4,62;0,136
1185;36,51;21,9;19,3;3,66;0,145
1115;44,99;24;19,3;5,92;0,222
1185;36,51;21,9;20,5;2,55;0,126
1115;44,99;24;20,5;4,81;0,197
1185;36,51;21,9;21,3;0,92;0,056
1115;44,99;24;21,7;3,79;0,169
1115;44,99;24;22,9;2,07;0,134
1115;44,99;24;23,4;1,08;0,074
1116;41,81;23,25;0,1;16,74;1,431
1116;41,81;23,25;0,7;13,88;0,816
1116;41,81;23,25;1,3;13,31;0,652
1116;41,81;23,25;2,5;12,83;0,519
1116;41,81;23,25;3,7;12,64;0,581
1116;41,81;23,25;4,9;12,13;0,44
1116;41,81;23,25;6,1;11,55;0,438
1116;41,81;23,25;7,3;11,01;0,331
1116;41,81;23,25;8,5;10,57;0,312
1116;41,81;23,25;9,7;10,03;0,33
1116;41,81;23,25;10,9;9,42;0,278
1116;41,81;23,25;12,1;8,69;0,247
1116;41,81;23,25;13,3;8,02;0,224
1116;41,81;23,25;14,5;7,7;0,255
1116;41,81;23,25;15,7;6,84;0,215
1116;41,81;23,25;16,9;6,43;0,208
1116;41,81;23,25;18,1;5,57;0,199
1116;41,81;23,25;19,3;4,77;0,152
1116;41,81;23,25;20,5;3,66;0,163
1116;41,81;23,25;21,7;2,45;0,131
1116;41,81;23,25;22,8;0,99;0,086
1117;50,01;24,7;0,1;19,61;1,015
1117;50,01;24,7;0,7;16,77;0,822
1117;50,01;24,7;1,3;15,92;0,724
1117;50,01;24,7;2,5;15,76;0,701
1117;50,01;24,7;3,7;15,28;0,813
1117;50,01;24,7;4,9;14,96;0,621
1117;50,01;24,7;6,1;14,45;0,494
1117;50,01;24,7;7,3;13,37;0,401
1117;50,01;24,7;8,5;13,15;0,428
1117;50,01;24,7;9,7;12,51;0,36
1117;50,01;24,7;10,9;11,71;0,292
1117;50,01;24,7;12,1;11,11;0,296
1117;50,01;24,7;13,3;10,73;0,334
1117;50,01;24,7;14,5;9,93;0,359
1117;50,01;24,7;15,7;9,33;0,331
1117;50,01;24,7;16,9;8,5;0,283
1117;50,01;24,7;18,1;7,83;0,27
1117;50,01;24,7;19,3;6,94;0,239
1117;50,01;24,7;20,5;6,21;0,29
1117;50,01;24,7;21,7;4,65;0,221
1117;50,01;24,7;22,9;3,18;0,18
1117;50,01;24,7;24,1;1,08;0,115
1119;55,2;25,6;0,1;19,67;0,946
1119;55,2;25,6;0,7;18,46;0,962
1119;55,2;25,6;1,3;17,57;0,875
1119;55,2;25,6;2,5;17,35;0,757
1119;55,2;25,6;3,7;17,03;0,58
1119;55,2;25,6;4,9;16,71;0,418
1119;55,2;25,6;6,1;15,76;0,429
1119;55,2;25,6;7,3;14,96;0,377
1119;55,2;25,6;8,5;14,23;0,379
1119;55,2;25,6;9,7;13,62;0,34
1119;55,2;25,6;10,9;12,86;0,334
1119;55,2;25,6;12,1;12,57;0,318
1119;55,2;25,6;13,3;12,1;0,301
1119;55,2;25,6;14,5;10,98;0,321
1119;55,2;25,6;15,7;10,44;0,305
1119;55,2;25,6;16,9;9,8;0,35
1119;55,2;25,6;18,1;9,07;0,289
1119;55,2;25,6;19,3;7,83;0,312
1119;55,2;25,6;20,5;7,19;0,294
1119;55,2;25,6;21,7;5,89;0,283
1119;55,2;25,6;22,9;4,62;0,245
1119;55,2;25,6;24,1;2,58;0,182
1119;55,2;25,6;25,3;1,02;0,101
1190;34,49;22,53;0,1;13,91;0,71
1190;34,49;22,53;0,7;11,68;0,483
1190;34,49;22,53;1,3;10,98;0,421
1190;34,49;22,53;2,5;10,66;0,354
1190;34,49;22,53;3,7;10,25;0,301
1190;34,49;22,53;4,9;9,77;0,238
1190;34,49;22,53;6,1;9,64;0,266
1190;34,49;22,53;7,3;9,14;0,239
1190;34,49;22,53;8,5;8,82;0,215
1190;34,49;22,53;9,7;8,18;0,187
1190;34,49;22,53;10,9;7,73;0,206
1190;34,49;22,53;12,1;7,32;0,181
1190;34,49;22,53;13,3;7;0,167
1190;34,49;22,53;14,5;6,24;0,174
1190;34,49;22,53;15,7;5,73;0,186
1190;34,49;22,53;16,9;5,09;0,151
1190;34,49;22,53;18,1;4,52;0,138
1190;34,49;22,53;19,3;3,76;0,112
1190;34,49;22,53;20,5;3,18;0,109
1190;34,49;22,53;21,7;1,27;0,076
1121;53,5;25,3;0,1;18,84;1,13
1121;53,5;25,3;0,7;17,38;1,076
1121;53,5;25,3;1,3;17,03;0,838
1121;53,5;25,3;2,5;16,39;0,753
1121;53,5;25,3;3,7;16,07;0,688
1121;53,5;25,3;4,9;15,47;0,516
1121;53,5;25,3;6,1;14,83;0,536
1121;53,5;25,3;7,3;14,16;0,426
1121;53,5;25,3;8,5;13,4;0,409
1121;53,5;25,3;9,7;12,64;0,359
1121;53,5;25,3;10,9;12,16;0,303
1121;53,5;25,3;12,1;11,4;0,304
1121;53,5;25,3;13,3;10,98;0,287
1121;53,5;25,3;14,5;10,5;0,306
1121;53,5;25,3;15,7;10,22;0,295
1121;53,5;25,3;16,9;9,84;0,304
1121;53,5;25,3;18,1;8,85;0,293
1121;53,5;25,3;19,3;7,77;0,277
1121;53,5;25,3;20,5;7,26;0,292
1121;53,5;25,3;21,7;5,47;0,244
1121;53,5;25,3;22,9;4,58;0,233
1121;53,5;25,3;24,1;3,18;0,198
1121;53,5;25,3;25;0,99;0,084
1122;44,2;24,5;0,1;15,66;0,853
1192;18,79;13,3;0,1;7,16;0,338
1122;44,2;24,5;0,7;14,55;0,685
1192;18,79;13,3;0,7;6,21;0,23
1192;18,79;13,3;1,3;5,98;0,175
1122;44,2;24,5;1,3;14,07;0,609
1122;44,2;24,5;2,5;13,69;0,397
1192;18,79;13,3;2,5;5,57;0,142
1122;44,2;24,5;3,7;13,21;0,32
1192;18,79;13,3;3,7;5,09;0,135
1122;44,2;24,5;4,9;12,41;0,272
1192;18,79;13,3;4,9;4,77;0,102
1192;18,79;13,3;6,1;4,62;0,098
1122;44,2;24,5;6,1;11,97;0,304
1122;44,2;24,5;7,3;11,62;0,283
1192;18,79;13,3;7,3;3,88;0,083
1192;18,79;13,3;8,5;3,28;0,097
1122;44,2;24,5;8,5;11,2;0,277
1192;18,79;13,3;9,7;3,02;0,095
1122;44,2;24,5;9,7;10,82;0,289
1122;44,2;24,5;10,9;10,15;0,266
1192;18,79;13,3;10,9;2,55;0,093
1122;44,2;24,5;12,1;9,49;0,257
1192;18,79;13,3;12,1;1,91;0,083
1192;18,79;13,3;12,7;0,95;0,051
1122;44,2;24,5;13,3;8,91;0,249
1122;44,2;24,5;14,5;8,44;0,252
1122;44,2;24,5;15,7;7,61;0,225
1122;44,2;24,5;16,9;6,94;0,206
1122;44,2;24,5;18,1;6,3;0,257
1122;44,2;24,5;19,3;5,22;0,184
1122;44,2;24,5;20,5;4,77;0,2
1122;44,2;24,5;21,7;3,41;0,189
1122;44,2;24,5;22,9;1,91;0,105
1122;44,2;24,5;24,1;1,05;0,103
1193;60,51;29,44;0,1;21,49;1,217
1193;60,51;29,44;0,7;19,89;0,993
1193;60,51;29,44;1,3;19,26;0,767
1193;60,51;29,44;2,5;18,62;0,681
1193;60,51;29,44;3,7;18,46;0,707
1193;60,51;29,44;4,9;17,51;0,532
1193;60,51;29,44;6,1;17,25;0,54
1193;60,51;29,44;7,3;17,06;0,54
1193;60,51;29,44;8,5;16,3;0,403
1193;60,51;29,44;9,7;16,14;0,388
1193;60,51;29,44;10,9;15,37;0,358
1193;60,51;29,44;12,1;14,16;0,325
1193;60,51;29,44;13,3;13,88;0,301
1193;60,51;29,44;14,5;13,05;0,282
1193;60,51;29,44;15,7;12,54;0,286
1193;60,51;29,44;16,9;11,81;0,283
1193;60,51;29,44;18,1;11,3;0,272
1193;60,51;29,44;19,3;10,28;0,276
1193;60,51;29,44;20,5;9,61;0,32
1193;60,51;29,44;21,7;8,75;0,26
1193;60,51;29,44;22,9;7,96;0,267
1193;60,51;29,44;24,1;7,07;0,273
1193;60,51;29,44;25,3;5,73;0,263
1193;60,51;29,44;26,5;4,52;0,254
1193;60,51;29,44;27,7;2,74;0,131
1193;60,51;29,44;28,9;0,95;0,08
1124;54,51;24,2;0,1;19,42;1,111
1194;35;22,52;0,1;13,62;0,598
1124;54,51;24,2;0,7;18,43;1,067
1194;35;22,52;0,7;11,84;0,555
1194;35;22,52;1,3;11,14;0,405
1124;54,51;24,2;1,3;17,35;0,896
1124;54,51;24,2;2,5;16,87;0,798
1194;35;22,52;2,5;11,05;0,344
1124;54,51;24,2;3,7;16,52;0,826
1194;35;22,52;3,7;10,5;0,263
1194;35;22,52;4,9;10,19;0,223
1124;54,51;24,2;4,9;16,17;0,718
1194;35;22,52;6,1;9,93;0,22
1124;54,51;24,2;6,1;15,44;0,463
1124;54,51;24,2;7,3;14,71;0,45
1194;35;22,52;7,3;9,55;0,2
1124;54,51;24,2;8,5;14,07;0,377
1194;35;22,52;8,5;8,91;0,192
1124;54,51;24,2;9,7;13,53;0,402
1194;35;22,52;9,7;8,56;0,208
1194;35;22,52;10,9;7,96;0,178
1124;54,51;24,2;10,9;12,73;0,386
1124;54,51;24,2;12,1;12,1;0,398
1194;35;22,52;12,1;7,45;0,166
1194;35;22,52;13,3;6,84;0,156
1124;54,51;24,2;13,3;11,49;0,424
1194;35;22,52;14,5;6,27;0,181
1124;54,51;24,2;14,5;10,73;0,368
1124;54,51;24,2;15,7;9,93;0,352
1194;35;22,52;15,7;5,98;0,184
1124;54,51;24,2;16,9;9,14;0,338
1194;35;22,52;16,9;5,22;0,157
1124;54,51;24,2;18,1;8,44;0,312
1194;35;22,52;18,1;4,81;0,138
1124;54,51;24,2;19,3;7;0,282
1194;35;22,52;19,3;3,98;0,157
1194;35;22,52;20,5;2,67;0,103
1124;54,51;24,2;20,5;5,47;0,27
1194;35;22,52;21,7;1,18;0,062
1124;54,51;24,2;21,7;4,14;0,245
1124;54,51;24,2;22,9;2,48;0,157
1124;54,51;24,2;23,7;0,95;0,085
1195;29,31;19,12;0,1;11,11;0,454
1195;29,31;19,12;0,7;10,19;0,249
1195;29,31;19,12;1,3;9,33;0,228
1195;29,31;19,12;2,5;9,1;0,198
1195;29,31;19,12;3,7;8,91;0,193
1195;29,31;19,12;4,9;8,28;0,198
1195;29,31;19,12;6,1;7,77;0,171
1195;29,31;19,12;7,3;7,32;0,173
1195;29,31;19,12;8,5;6,91;0,153
1195;29,31;19,12;9,7;6,53;0,149
1195;29,31;19,12;10,9;6,11;0,129
1195;29,31;19,12;12,1;5,16;0,128
1195;29,31;19,12;13,3;4,9;0,124
1195;29,31;19,12;14,5;4,14;0,115
1195;29,31;19,12;15,7;3,34;0,108
1195;29,31;19,12;16,9;2,93;0,114
1195;29,31;19,12;18,1;1,91;0,105
1195;29,31;19,12;18,6;0,95;0,09
1196;21,49;13,1;0,1;7,73;0,37
1126;62,8;27,2;0,1;22,95;1,103
1196;21,49;13,1;0,7;7,07;0,334
1126;62,8;27,2;0,7;20,91;0,915
1196;21,49;13,1;1,3;6,84;0,235
1126;62,8;27,2;1,3;19,99;0,868
1196;21,49;13,1;2,5;6,43;0,189
1126;62,8;27,2;2,5;19,35;0,748
1126;62,8;27,2;3,7;19;0,722
1196;21,49;13,1;3,7;6,11;0,136
1196;21,49;13,1;4,9;5,89;0,112
1126;62,8;27,2;4,9;18,08;0,51
1126;62,8;27,2;6,1;17,54;0,484
1196;21,49;13,1;6,1;5,19;0,106
1196;21,49;13,1;7,3;4,74;0,107
1126;62,8;27,2;7,3;17,03;0,455
1196;21,49;13,1;8,5;3,98;0,099
1126;62,8;27,2;8,5;16,49;0,424
1126;62,8;27,2;9,7;15,79;0,44
1196;21,49;13,1;9,7;3,31;0,098
1126;62,8;27,2;10,9;15,28;0,415
1196;21,49;13,1;10,9;2,55;0,083
1196;21,49;13,1;12,1;1,43;0,069
1126;62,8;27,2;12,1;14,64;0,386
1126;62,8;27,2;13,3;13,62;0,373
1126;62,8;27,2;14,5;13,46;0,409
1126;62,8;27,2;15,7;12,35;0,344
1126;62,8;27,2;16,9;11,62;0,379
1126;62,8;27,2;18,1;10,79;0,351
1126;62,8;27,2;19,3;10,19;0,346
1126;62,8;27,2;20,5;8,91;0,341
1126;62,8;27,2;21,7;7,96;0,346
1126;62,8;27,2;22,9;7;0,295
1126;62,8;27,2;24,1;5,47;0,308
1126;62,8;27,2;25,3;3,98;0,235
1126;62,8;27,2;26,5;2,13;0,137
1126;62,8;27,2;26,7;1,02;0,08
1197;66,51;29,12;0,1;24,57;1,53
1197;66,51;29,12;0,7;22,12;0,962
1197;66,51;29,12;1,3;21,17;0,975
1197;66,51;29,12;2,5;20,56;0,677
1197;66,51;29,12;3,7;19,51;0,683
1197;66,51;29,12;4,9;19,23;0,605
1197;66,51;29,12;6,1;18,68;0,444
1197;66,51;29,12;7,3;17,95;0,499
1197;66,51;29,12;8,5;17,35;0,412
1197;66,51;29,12;9,7;16,77;0,396
1197;66,51;29,12;10,9;16,07;0,37
1197;66,51;29,12;12,1;15,44;0,366
1197;66,51;29,12;13,3;14,77;0,362
1197;66,51;29,12;14,5;14,32;0,345
1197;66,51;29,12;15,7;13,85;0,368
1197;66,51;29,12;16,9;12,64;0,354
1197;66,51;29,12;18,1;11,97;0,355
1197;66,51;29,12;19,3;11,46;0,366
1197;66,51;29,12;20,5;10,19;0,346
1197;66,51;29,12;21,7;9,33;0,338
1197;66,51;29,12;22,9;8,44;0,343
1197;66,51;29,12;24,1;7,16;0,365
1197;66,51;29,12;25,3;5,44;0,247
1197;66,51;29,12;26,5;4,27;0,273
1197;66,51;29,12;27,7;2,55;0,15
1197;66,51;29,12;28,6;0,73;0,057
1198;65;32,22;0,1;23,68;1,177
1198;65;32,22;0,7;21,42;0,879
1198;65;32,22;1,3;20,69;0,825
1198;65;32,22;2,5;19,89;0,644
1198;65;32,22;3,7;19,42;0,582
1198;65;32,22;4,9;18,78;0,601
1198;65;32,22;6,1;18,62;0,473
1198;65;32,22;7,3;17,98;0,463
1198;65;32,22;8,5;17,51;0,392
1198;65;32,22;9,7;16,71;0,382
1198;65;32,22;10,9;16,14;0,329
1198;65;32,22;12,1;15,72;0,343
1198;65;32,22;13,3;15,02;0,344
1198;65;32,22;14,5;14,48;0,332
1198;65;32,22;15,7;14,1;0,337
1198;65;32,22;16,9;13,37;0,367
1198;65;32,22;18,1;12,51;0,33
1198;65;32,22;19,3;12;0,342
1198;65;32,22;20,5;11,55;0,329
1198;65;32,22;21,7;10,82;0,337
1198;65;32,22;22,9;9,93;0,386
1198;65;32,22;24,1;8,75;0,299
1198;65;32,22;25,3;7,86;0,306
1198;65;32,22;26,5;7;0,304
1198;65;32,22;27,7;5,95;0,317
1198;65;32,22;28,9;4,71;0,236
1198;65;32,22;30,1;3,5;0,176
1198;65;32,22;31,3;1,75;0,116
1198;65;32,22;31,6;1,02;0,093
1130;57,71;26,15;0,1;20,44;1,12
1200;25,6;17,22;0,1;10,06;0,626
1200;25,6;17,22;0,7;8,85;0,271
1130;57,71;26,15;0,7;19,26;0,993
1200;25,6;17,22;1,3;8,15;0,233
1130;57,71;26,15;1,3;18,37;0,914
1200;25,6;17,22;2,5;8,05;0,203
1130;57,71;26,15;2,5;17,67;0,788
1130;57,71;26,15;3,7;17,38;0,57
1200;25,6;17,22;3,7;7,64;0,204
1130;57,71;26,15;4,9;16,93;0,767
1200;25,6;17,22;4,9;7,26;0,181
1200;25,6;17,22;6,1;6,75;0,148
1130;57,71;26,15;6,1;16,36;0,637
1200;25,6;17,22;7,3;6,27;0,165
1130;57,71;26,15;7,3;15,6;0,484
1200;25,6;17,22;8,5;5,79;0,141
1130;57,71;26,15;8,5;14,83;0,356
1130;57,71;26,15;9,7;14,32;0,433
1200;25,6;17,22;9,7;5,38;0,125
1200;25,6;17,22;10,9;4,65;0,107
1130;57,71;26,15;10,9;13,37;0,34
1130;57,71;26,15;12,1;12,86;0,337
1200;25,6;17,22;12,1;4,14;0,124
1200;25,6;17,22;13,3;3,72;0,12
1130;57,71;26,15;13,3;12,16;0,369
1130;57,71;26,15;14,5;11,46;0,351
1200;25,6;17,22;14,5;3,25;0,094
1200;25,6;17,22;15,7;2,45;0,08
1130;57,71;26,15;15,7;10,73;0,323
1200;25,6;17,22;16,7;0,95;0,058
1130;57,71;26,15;16,9;10,03;0,314
1130;57,71;26,15;18,1;9,1;0,287
1130;57,71;26,15;19,3;8,12;0,318
1130;57,71;26,15;20,5;7,07;0,278
1130;57,71;26,15;21,7;6,18;0,265
1130;57,71;26,15;22,9;5,09;0,273
1130;57,71;26,15;24,1;3,53;0,202
1130;57,71;26,15;25,3;1,4;0,108
1130;57,71;26,15;25,5;0,95;0,103
1131;50,2;24,4;0,1;17,92;1,052
1131;50,2;24,4;0,7;16,3;0,81
1131;50,2;24,4;1,3;15,98;0,816
1131;50,2;24,4;2,5;15,53;0,743
1131;50,2;24,4;3,7;15,28;0,702
1131;50,2;24,4;4,9;14,71;0,497
1131;50,2;24,4;6,1;14,01;0,432
1131;50,2;24,4;7,3;13,5;0,412
1131;50,2;24,4;8,5;13,05;0,337
1131;50,2;24,4;9,7;12,73;0,364
1131;50,2;24,4;10,9;11,94;0,309
1131;50,2;24,4;12,1;11,08;0,309
1131;50,2;24,4;13,3;10,38;0,306
1131;50,2;24,4;14,5;9,84;0,294
1131;50,2;24,4;15,7;9,39;0,29
1131;50,2;24,4;16,9;8,31;0,278
1131;50,2;24,4;18,1;7,51;0,26
1131;50,2;24,4;19,3;6,65;0,267
1131;50,2;24,4;20,5;5,6;0,256
1131;50,2;24,4;21,7;4,3;0,211
1131;50,2;24,4;22,9;2,93;0,198
1131;50,2;24,4;24,1;0,64;0,085
1202;26,99;17,76;0,1;10,7;0,521
1132;46,21;22,6;0,1;16,55;0,801
1202;26,99;17,76;0,7;8,91;0,346
1132;46,21;22,6;0,7;15,15;0,714
1202;26,99;17,76;1,3;8,59;0,274
1132;46,21;22,6;1,3;14,71;0,691
1132;46,21;22,6;2,5;14,36;0,587
1202;26,99;17,76;2,5;8,21;0,232
1202;26,99;17,76;3,7;7,8;0,182
1132;46,21;22,6;3,7;14,01;0,455
1132;46,21;22,6;4,9;13,31;0,484
1202;26,99;17,76;4,9;7,38;0,21
1132;46,21;22,6;6,1;12,8;0,349
1202;26,99;17,76;6,1;7,1;0,232
1202;26,99;17,76;7,3;6,84;0,189
1132;46,21;22,6;7,3;12,25;0,402
1202;26,99;17,76;8,5;6,24;0,149
1132;46,21;22,6;8,5;11,55;0,3
1202;26,99;17,76;9,7;5,63;0,143
1132;46,21;22,6;9,7;11,08;0,311
1132;46,21;22,6;10,9;10,47;0,291
1202;26,99;17,76;10,9;4,87;0,172
1202;26,99;17,76;12,1;4,42;0,105
1132;46,21;22,6;12,1;9,87;0,28
1132;46,21;22,6;13,3;9,68;0,265
1202;26,99;17,76;13,3;3,76;0,098
1202;26,99;17,76;14,5;3,18;0,105
1132;46,21;22,6;14,5;9,07;0,309
1132;46,21;22,6;15,7;7,83;0,26
1202;26,99;17,76;15,7;2,39;0,095
1132;46,21;22,6;16,9;6,84;0,258
1202;26,99;17,76;16,9;1,4;0,084
1202;26,99;17,76;17,1;0,89;0,055
1132;46,21;22,6;18,1;6,18;0,267
1132;46,21;22,6;19,3;4,97;0,22
1132;46,21;22,6;20,5;3,79;0,22
1132;46,21;22,6;21,7;1,88;0,137
1132;46,21;22,6;22,2;0,95;0,082
1203;47,5;27;0,1;16,87;0,893
1133;30,19;19,5;0,1;12,16;0,754
1133;30,19;19,5;0,7;10,25;0,623
1203;47,5;27;0,7;15,76;0,733
1133;30,19;19,5;1,3;9,61;0,473
1203;47,5;27;1,3;15,12;0,643
1203;47,5;27;2,5;14,77;0,597
1133;30,19;19,5;2,5;9,39;0,44
1203;47,5;27;3,7;14,48;0,492
1133;30,19;19,5;3,7;8,72;0,298
1133;30,19;19,5;4,9;8,09;0,212
1203;47,5;27;4,9;14,07;0,481
1133;30,19;19,5;6,1;7,7;0,191
1203;47,5;27;6,1;13,85;0,451
1203;47,5;27;7,3;13,21;0,337
1133;30,19;19,5;7,3;7,32;0,203
1133;30,19;19,5;8,5;6,91;0,234
1203;47,5;27;8,5;12,67;0,296
1133;30,19;19,5;9,7;6,3;0,164
1203;47,5;27;9,7;12,57;0,283
1203;47,5;27;10,9;11,71;0,282
1133;30,19;19,5;10,9;5,76;0,136
1133;30,19;19,5;12,1;5,25;0,125
1203;47,5;27;12,1;11,14;0,277
1133;30,19;19,5;13,3;4,77;0,147
1203;47,5;27;13,3;10,6;0,282
1203;47,5;27;14,5;10,03;0,273
1133;30,19;19,5;14,5;4,14;0,134
1203;47,5;27;15,7;9,77;0,261
1133;30,19;19,5;15,7;3,44;0,13
1133;30,19;19,5;16,9;2,93;0,145
1203;47,5;27;16,9;8,75;0,254
1203;47,5;27;18,1;8,12;0,254
1133;30,19;19,5;18,1;2,13;0,092
1133;30,19;19,5;19;0,67;0,038
1203;47,5;27;19,3;7,42;0,291
1203;47,5;27;20,5;6,78;0,231
1203;47,5;27;21,7;6,05;0,2
1203;47,5;27;22,9;5,09;0,202
1203;47,5;27;24,1;4,14;0,216
1203;47,5;27;25,3;2,96;0,166
1203;47,5;27;26,5;1,02;0,078
1134;26,52;17,25;0,1;11,14;0,95
1204;31,51;19,1;0,1;12,1;0,552
1204;31,51;19,1;0,7;10,35;0,462
1134;26,52;17,25;0,7;9,17;0,598
1134;26,52;17,25;1,3;8,44;0,488
1204;31,51;19,1;1,3;10,03;0,349
1204;31,51;19,1;2,5;9,61;0,271
1134;26,52;17,25;2,5;7,8;0,297
1204;31,51;19,1;3,7;9,29;0,244
1134;26,52;17,25;3,7;7,32;0,223
1134;26,52;17,25;4,9;6,94;0,198
1204;31,51;19,1;4,9;8,91;0,261
1204;31,51;19,1;6,1;8,56;0,244
1134;26,52;17,25;6,1;6,68;0,208
1134;26,52;17,25;7,3;6,18;0,203
1204;31,51;19,1;7,3;8,02;0,17
1204;31,51;19,1;8,5;7,51;0,168
1134;26,52;17,25;8,5;5,54;0,165
1134;26,52;17,25;9,7;5,16;0,139
1204;31,51;19,1;9,7;7,07;0,227
1134;26,52;17,25;10,9;4,84;0,146
1204;31,51;19,1;10,9;6,49;0,143
1204;31,51;19,1;12,1;5,89;0,129
1134;26,52;17,25;12,1;4,46;0,145
1204;31,51;19,1;13,3;5,47;0,122
1134;26,52;17,25;13,3;3,44;0,126
1204;31,51;19,1;14,5;4,84;0,13
1134;26,52;17,25;14,5;2,77;0,165
1204;31,51;19,1;15,7;4,11;0,155
1134;26,52;17,25;15,7;2,2;0,126
1134;26,52;17,25;16,5;0,73;0,046
1204;31,51;19,1;16,9;3,57;0,126
1204;31,51;19,1;18,1;2,23;0,09
1204;31,51;19,1;18,7;1,05;0,062
1206;19,51;15;0,1;8,31;0,344
1206;19,51;15;0,7;6,68;0,261
1206;19,51;15;1,3;6,21;0,187
1206;19,51;15;2,5;6,08;0,154
1206;19,51;15;3,7;5,57;0,115
1206;19,51;15;4,9;5,16;0,123
1206;19,51;15;6,1;4,84;0,144
1206;19,51;15;7,3;4,62;0,102
1206;19,51;15;8,5;4,14;0,115
1206;19,51;15;9,7;3,57;0,105
1206;19,51;15;10,9;3,18;0,093
1206;19,51;15;12,1;2,64;0,08
1206;19,51;15;13,3;1,91;0,089
1206;19,51;15;14,38;0,92;0,06
1138;63,21;29,45;0,1;22,85;1,244
1138;63,21;29,45;0,7;20,56;0,928
1138;63,21;29,45;1,3;20,12;0,93
1138;63,21;29,45;2,5;19,45;0,792
1138;63,21;29,45;3,7;19,26;0,727
1138;63,21;29,45;4,9;18,75;0,671
1138;63,21;29,45;6,1;18,21;0,645
1138;63,21;29,45;7,3;17,83;0,742
1138;63,21;29,45;8,5;17,57;0,614
1138;63,21;29,45;9,7;16,58;0,461
1138;63,21;29,45;10,9;16,23;0,354
1138;63,21;29,45;12,1;16,07;0,393
1138;63,21;29,45;13,3;14,64;0,365
1138;63,21;29,45;14,5;14,23;0,325
1138;63,21;29,45;15,7;13,46;0,339
1138;63,21;29,45;16,9;13,05;0,352
1138;63,21;29,45;18,1;12,03;0,334
1138;63,21;29,45;19,3;11,43;0,315
1138;63,21;29,45;20,5;10,41;0,305
1138;63,21;29,45;21,7;9,87;0,307
1138;63,21;29,45;22,9;8,02;0,244
1138;63,21;29,45;24,1;7,77;0,235
1138;63,21;29,45;25,3;6,33;0,222
1138;63,21;29,45;26,5;4,2;0,19
1138;63,21;29,45;27,7;2,58;0,133
1138;63,21;29,45;28,9;0,7;0,072
1139;38,61;25;0,1;14,83;0,848
1139;38,61;25;0,7;12,83;0,635
1139;38,61;25;1,3;12,29;0,55
1139;38,61;25;2,5;11,97;0,469
1139;38,61;25;3,7;11,62;0,328
1139;38,61;25;4,9;11,17;0,455
1139;38,61;25;6,1;11,01;0,332
1139;38,61;25;7,3;10,7;0,365
1139;38,61;25;8,5;10,35;0,311
1139;38,61;25;9,7;10,03;0,275
1139;38,61;25;10,9;9,33;0,29
1139;38,61;25;12,1;8,75;0,255
1139;38,61;25;13,3;8,47;0,228
1139;38,61;25;14,5;8,05;0,22
1139;38,61;25;15,7;7,29;0,221
1139;38,61;25;16,9;6,72;0,174
1139;38,61;25;18,1;6,18;0,174
1139;38,61;25;19,3;5,44;0,169
1139;38,61;25;20,5;4,74;0,173
1139;38,61;25;21,7;4,01;0,18
1139;38,61;25;22,9;2,71;0,135
1139;38,61;25;24,1;1,15;0,103
1210;56,01;31,63;0,1;20,69;0,92
1210;56,01;31,63;0,7;18,56;0,715
1210;56,01;31,63;1,3;17,83;0,683
1210;56,01;31,63;2,5;17;0,666
1210;56,01;31,63;3,7;16,39;0,271
1210;56,01;31,63;4,9;15,92;0,488
1210;56,01;31,63;6,1;15,72;0,558
1210;56,01;31,63;7,3;15,34;0,452
1210;56,01;31,63;8,5;15,12;0,393
1210;56,01;31,63;9,7;14,96;0,368
1210;56,01;31,63;10,9;14,61;0,404
1210;56,01;31,63;12,1;14,42;0,361
1210;56,01;31,63;13,3;14,07;0,331
1210;56,01;31,63;14,5;13,21;0,33
1210;56,01;31,63;15,7;12,51;0,34
1210;56,01;31,63;16,9;11,94;0,338
1210;56,01;31,63;18,1;11,62;0,329
1210;56,01;31,63;19,3;10,79;0,316
1210;56,01;31,63;20,5;10,22;0,352
1210;56,01;31,63;21,7;9,68;0,301
1210;56,01;31,63;22,9;9,01;0,288
1210;56,01;31,63;24,1;8,28;0,29
1210;56,01;31,63;25,3;7,86;0,301
1210;56,01;31,63;26,5;6,37;0,286
1210;56,01;31,63;27,7;5,32;0,186
1210;56,01;31,63;28,9;4,3;0,149
1210;56,01;31,63;30,1;2,45;0,125
1210;56,01;31,63;31;0,86;0,066
1141;35,5;19,1;0,1;13,18;0,765
1141;35,5;19,1;0,7;11,78;0,791
1141;35,5;19,1;1,3;11,3;0,697
1141;35,5;19,1;2,5;11,08;0,462
1141;35,5;19,1;3,7;10,35;0,382
1141;35,5;19,1;4,9;9,55;0,278
1141;35,5;19,1;6,1;9,29;0,329
1141;35,5;19,1;7,3;8,69;0,226
1141;35,5;19,1;8,5;8,34;0,355
1141;35,5;19,1;9,7;7,7;0,233
1141;35,5;19,1;10,9;7;0,21
1141;35,5;19,1;12,1;6,46;0,211
1141;35,5;19,1;13,3;5,89;0,191
1141;35,5;19,1;14,5;5,38;0,207
1141;35,5;19,1;15,7;4,87;0,204
1141;35,5;19,1;16,9;3,18;0,2
1141;35,5;19,1;18,1;1,62;0,149
1141;35,5;19,1;18,42;0,95;0,054
1212;48;26,69;0,1;17,19;0,966
1212;48;26,69;0,7;15,66;0,899
1212;48;26,69;1,3;15,28;0,745
1212;48;26,69;2,5;15,12;0,67
1212;48;26,69;3,7;14,93;0,637
1212;48;26,69;4,9;14,64;0,43
1212;48;26,69;6,1;14,39;0,445
1212;48;26,69;7,3;13,53;0,476
1212;48;26,69;8,5;13,37;0,38
1212;48;26,69;9,7;12,92;0,415
1212;48;26,69;10,9;12,51;0,405
1212;48;26,69;12,1;11,84;0,372
1212;48;26,69;13,3;11,3;0,369
1212;48;26,69;14,5;10,44;0,316
1212;48;26,69;15,7;9,87;0,355
1212;48;26,69;16,9;9,61;0,404
1212;48;26,69;18,1;8,59;0,255
1212;48;26,69;19,3;7,8;0,283
1212;48;26,69;20,5;7,19;0,261
1212;48;26,69;21,7;6,11;0,239
1212;48;26,69;22,9;5,79;0,34
1212;48;26,69;24,1;4,2;0,259
1212;48;26,69;25,3;1,97;0,126
1212;48;26,69;26;0,95;0,072
1143;63,99;29,35;0,1;22,73;1,152
1213;50,99;23,34;0,1;19,1;1,086
1213;50,99;23,34;0,7;16,55;0,842
1143;63,99;29,35;0,7;20,69;1,041
1143;63,99;29,35;1,3;20,37;1,01
1213;50,99;23,34;1,3;16,23;0,776
1213;50,99;23,34;2,5;15,09;0,61
1143;63,99;29,35;2,5;19,61;0,869
1143;63,99;29,35;3,7;19,26;0,863
1213;50,99;23,34;3,7;14,55;0,609
1143;63,99;29,35;4,9;19,1;0,704
1213;50,99;23,34;4,9;14,16;0,425
1143;63,99;29,35;6,1;18,4;0,675
1213;50,99;23,34;6,1;13,11;0,396
1143;63,99;29,35;7,3;18,08;0,713
1213;50,99;23,34;7,3;12,89;0,437
1213;50,99;23,34;8,5;12,48;0,315
1143;63,99;29,35;8,5;17,09;0,541
1143;63,99;29,35;9,7;16,65;0,45
1213;50,99;23,34;9,7;11,68;0,304
1213;50,99;23,34;10,9;11,27;0,292
1143;63,99;29,35;10,9;15,88;0,481
1143;63,99;29,35;12,1;15,69;0,465
1213;50,99;23,34;12,1;10,41;0,298
1143;63,99;29,35;13,3;14,96;0,473
1213;50,99;23,34;13,3;9,74;0,3
1143;63,99;29,35;14,5;14,2;0,422
1213;50,99;23,34;14,5;9,2;0,307
1143;63,99;29,35;15,7;13,69;0,418
1213;50,99;23,34;15,7;8,5;0,283
1213;50,99;23,34;16,9;7,7;0,284
1143;63,99;29,35;16,9;12,89;0,425
1143;63,99;29,35;18,1;12,03;0,378
1213;50,99;23,34;18,1;6,88;0,302
1213;50,99;23,34;19,3;6,21;0,302
1143;63,99;29,35;19,3;11,43;0,364
1213;50,99;23,34;20,5;5,09;0,228
1143;63,99;29,35;20,5;10,35;0,359
1143;63,99;29,35;21,7;9,61;0,328
1213;50,99;23,34;21,7;2,99;0,152
1143;63,99;29,35;22,9;8,66;0,334
1213;50,99;23,34;22,9;0,95;0,072
1143;63,99;29,35;24,1;7,54;0,33
1143;63,99;29,35;25,3;6,43;0,315
1143;63,99;29,35;26,5;4,04;0,305
1143;63,99;29,35;27,7;2,64;0,175
1143;63,99;29,35;28,7;0,95;0,08
1144;65;30,1;0,1;23,94;1,278
1144;65;30,1;0,7;21,55;1,063
1144;65;30,1;1,3;20,69;0,983
1144;65;30,1;2,5;20,05;0,904
1144;65;30,1;3,7;19,74;0,846
1144;65;30,1;4,9;19,29;0,808
1144;65;30,1;6,1;18,68;0,809
1144;65;30,1;7,3;18,4;0,66
1144;65;30,1;8,5;18,14;0,616
1144;65;30,1;9,7;17,51;0,555
1144;65;30,1;10,9;16,55;0,485
1144;65;30,1;12,1;16,14;0,469
1144;65;30,1;13,3;15,47;0,48
1144;65;30,1;14,5;14,96;0,447
1144;65;30,1;15,7;14,16;0,465
1144;65;30,1;16,9;13,31;0,405
1144;65;30,1;18,1;12,57;0,34
1144;65;30,1;19,3;11,75;0,383
1144;65;30,1;20,5;10,92;0,377
1144;65;30,1;21,7;10,12;0,383
1144;65;30,1;22,9;9,2;0,343
1144;65;30,1;24,1;7,96;0,255
1144;65;30,1;25,3;6,72;0,32
1144;65;30,1;26,5;5,41;0,285
1144;65;30,1;27,7;4,07;0,18
1144;65;30,1;28,9;1,88;0,125
1144;65;30,1;29,5;0,99;0,09
1215;43,01;22,97;0,1;15,25;0,856
1215;43,01;22,97;0,7;14,16;0,598
1215;43,01;22,97;1,3;13,69;0,449
1215;43,01;22,97;2,5;13,27;0,434
1215;43,01;22,97;3,7;12,8;0,382
1215;43,01;22,97;4,9;12,67;0,33
1215;43,01;22,97;6,1;11,87;0,268
1215;43,01;22,97;7,3;11,46;0,303
1215;43,01;22,97;8,5;11,24;0,307
1215;43,01;22,97;9,7;10,44;0,267
1215;43,01;22,97;10,9;9,87;0,293
1215;43,01;22,97;12,1;9,39;0,276
1215;43,01;22,97;13,3;8,91;0,263
1215;43,01;22,97;14,5;8,18;0,277
1215;43,01;22,97;15,7;7,48;0,28
1215;43,01;22,97;16,9;7,07;0,266
1215;43,01;22,97;18,1;6,11;0,215
1215;43,01;22,97;19,3;5,16;0,192
1215;43,01;22,97;20,5;4,23;0,182
1215;43,01;22,97;21,7;2,39;0,098
1215;43,01;22,97;22,34;1,08;0,074
1146;43,39;25,8;0,1;16,58;0,95
1146;43,39;25,8;0,7;14,64;0,781
1146;43,39;25,8;1,3;13,81;0,582
1146;43,39;25,8;2,5;13,11;0,513
1146;43,39;25,8;3,7;12,57;0,388
1146;43,39;25,8;4,9;12,41;0,385
1146;43,39;25,8;6,1;12,25;0,395
1146;43,39;25,8;7,3;11,75;0,329
1146;43,39;25,8;8,5;11,33;0,322
1146;43,39;25,8;9,7;10,82;0,267
1146;43,39;25,8;10,9;10,38;0,25
1146;43,39;25,8;12,1;10,06;0,252
1146;43,39;25,8;13,3;9,77;0,265
1146;43,39;25,8;14,5;8,82;0,226
1146;43,39;25,8;15,7;8,15;0,21
1146;43,39;25,8;16,9;7,8;0,194
1146;43,39;25,8;18,1;7,29;0,226
1146;43,39;25,8;19,3;6,53;0,22
1146;43,39;25,8;20,5;5,73;0,182
1146;43,39;25,8;21,7;5;0,187
1146;43,39;25,8;22,9;4,07;0,157
1146;43,39;25,8;24,1;2,51;0,17
1146;43,39;25,8;25,3;0,67;0,076
1218;63,99;29,32;0,1;22,92;1,016
1218;63,99;29,32;0,7;20,94;0,905
1218;63,99;29,32;1,3;20,37;0,784
1218;63,99;29,32;2,5;19,42;0,724
1218;63,99;29,32;3,7;18,75;0,711
1218;63,99;29,32;4,9;18,46;0,621
1218;63,99;29,32;6,1;18,24;0,617
1218;63,99;29,32;7,3;17,92;0,602
1218;63,99;29,32;8,5;17,06;0,483
1218;63,99;29,32;9,7;16,68;0,618
1218;63,99;29,32;10,9;16,39;0,64
1218;63,99;29,32;12,1;16,01;0,377
1218;63,99;29,32;13,3;15,02;0,451
1218;63,99;29,32;14,5;14,01;0,46
1218;63,99;29,32;15,7;13,21;0,377
1218;63,99;29,32;16,9;12,61;0,368
1218;63,99;29,32;18,1;12,38;0,433
1218;63,99;29,32;19,3;10,95;0,354
1218;63,99;29,32;20,5;10,12;0,329
1218;63,99;29,32;21,7;9,26;0,353
1218;63,99;29,32;22,9;8,44;0,365
1218;63,99;29,32;24,1;7,13;0,317
1218;63,99;29,32;25,3;5,63;0,301
1218;63,99;29,32;26,5;4,49;0,278
1218;63,99;29,32;27,7;2,55;0,159
1218;63,99;29,32;28,9;0,89;0,071
1219;66;30,74;0,1;23,24;1,21
1219;66;30,74;0,7;21,96;1,032
1219;66;30,74;1,3;21,01;0,805
1219;66;30,74;2,5;20,21;0,739
1219;66;30,74;3,7;19,74;0,638
1219;66;30,74;4,9;19,1;0,686
1219;66;30,74;6,1;18,81;0,696
1219;66;30,74;7,3;18,62;0,666
1219;66;30,74;8,5;17,92;0,672
1219;66;30,74;9,7;17,25;0,636
1219;66;30,74;10,9;17,13;0,63
1219;66;30,74;12,1;15,92;0,497
1219;66;30,74;13,3;15,63;0,449
1219;66;30,74;14,5;14,96;0,452
1219;66;30,74;15,7;14,51;0,458
1219;66;30,74;16,9;13,91;0,372
1219;66;30,74;18,1;13,37;0,464
1219;66;30,74;19,3;12,67;0,467
1219;66;30,74;20,5;11,05;0,457
1219;66;30,74;21,7;10,5;0,437
1219;66;30,74;22,9;9,45;0,41
1219;66;30,74;24,1;8,59;0,399
1219;66;30,74;25,3;7,48;0,364
1219;66;30,74;26,5;6,49;0,378
1219;66;30,74;27,7;4,62;0,296
1219;66;30,74;28,9;3,06;0,187
1219;66;30,74;30,1;1,11;0,068
1220;23,18;12,83;0,1;9,17;0,322
1220;23,18;12,83;0,7;7,7;0,236
1220;23,18;12,83;1,3;7,38;0,167
1220;23,18;12,83;2,5;7;0,157
1220;23,18;12,83;3,7;6,65;0,15
1220;23,18;12,83;4,9;6,05;0,16
1220;23,18;12,83;6,1;5,54;0,165
1220;23,18;12,83;7,3;5,06;0,133
1220;23,18;12,83;8,5;4,33;0,131
1220;23,18;12,83;9,7;3,57;0,116
1220;23,18;12,83;10,9;2,83;0,139
1220;23,18;12,83;12,1;1,21;0,071
1221;27,99;19,92;0,1;11,4;0,313
1221;27,99;19,92;0,7;9,39;0,269
1221;27,99;19,92;1,3;8,91;0,273
1221;27,99;19,92;2,5;8,53;0,217
1221;27,99;19,92;3,7;8,24;0,267
1221;27,99;19,92;4,9;7,86;0,214
1221;27,99;19,92;6,1;7,48;0,179
1221;27,99;19,92;7,3;7,23;0,18
1221;27,99;19,92;8,5;6,81;0,157
1221;27,99;19,92;9,7;6,4;0,16
1221;27,99;19,92;10,9;5,73;0,128
1221;27,99;19,92;12,1;5,47;0,185
1221;27,99;19,92;13,3;4,68;0,177
1221;27,99;19,92;14,5;4,27;0,154
1221;27,99;19,92;15,7;3,69;0,143
1221;27,99;19,92;16,9;3,15;0,112
1221;27,99;19,92;18,1;1,91;0,093
1221;27,99;19,92;18,6;1,05;0,051
1225;20,99;11,4;0,1;9,14;0,601
1225;20,99;11,4;0,7;7,16;0,335
1225;20,99;11,4;1,3;6,68;0,259
1225;20,99;11,4;2,5;6,11;0,209
1225;20,99;11,4;3,7;5,63;0,194
1225;20,99;11,4;4,9;5,09;0,154
1225;20,99;11,4;6,1;4,36;0,172
1225;20,99;11,4;7,3;3,88;0,164
1225;20,99;11,4;8,5;3,41;0,099
1225;20,99;11,4;9,7;2,39;0,114
1225;20,99;11,4;10,8;1,05;0,059
1226;18,79;9,73;0,1;7,93;0,539
1226;18,79;9,73;0,7;6,37;0,266
1226;18,79;9,73;1,3;5,98;0,228
1226;18,79;9,73;2,5;5,44;0,225
1226;18,79;9,73;3,7;4,84;0,16
1226;18,79;9,73;4,9;4,42;0,144
1226;18,79;9,73;6,1;3,88;0,174
1226;18,79;9,73;7,3;2,93;0,158
1226;18,79;9,73;8,5;1,62;0,082
1226;18,79;9,73;9,3;1,05;0,052
1227;56,99;28,17;0,1;21,33;1,2
1227;56,99;28,17;0,7;18,97;0,548
1227;56,99;28,17;1,3;18,14;0,909
1227;56,99;28,17;2,5;17,83;0,979
1227;56,99;28,17;3,7;17,19;0,613
1227;56,99;28,17;4,9;16,87;0,572
1227;56,99;28,17;6,1;16,46;0,633
1227;56,99;28,17;7,3;15,88;0,541
1227;56,99;28,17;8,5;15,25;0,449
1227;56,99;28,17;9,7;14,96;0,499
1227;56,99;28,17;10,9;14,13;0,425
1227;56,99;28,17;12,1;13,15;0,409
1227;56,99;28,17;13,3;12,16;0,417
1227;56,99;28,17;14,5;12,06;0,408
1227;56,99;28,17;15,7;10,89;0,387
1227;56,99;28,17;16,9;10,5;0,389
1227;56,99;28,17;18,1;9,61;0,414
1227;56,99;28,17;19,3;8,98;0,4
1227;56,99;28,17;20,5;8,24;0,394
1227;56,99;28,17;21,7;7,07;0,39
1227;56,99;28,17;22,9;6,02;0,398
1227;56,99;28,17;24,1;4,97;0,356
1227;56,99;28,17;25,3;4,39;0,208
1227;56,99;28,17;26,5;2,86;0,171
1227;56,99;28,17;27,67;1,02;0,09
1228;65;30,3;0,1;23,87;1,227
1228;65;30,3;0,7;21,71;1,099
1228;65;30,3;1,3;20,69;0,775
1228;65;30,3;2,5;20,15;0,862
1228;65;30,3;3,7;19,35;0,726
1228;65;30,3;4,9;19,1;0,729
1228;65;30,3;6,1;18,88;0,658
1228;65;30,3;7,3;18,14;0,643
1228;65;30,3;8,5;17,73;0,699
1228;65;30,3;9,7;17,6;0,496
1228;65;30,3;10,9;16,52;0,537
1228;65;30,3;12,1;16,04;0,465
1228;65;30,3;13,3;15,6;0,445
1228;65;30,3;14,5;14,55;0,445
1228;65;30,3;15,7;13,46;0,434
1228;65;30,3;16,9;13,21;0,385
1228;65;30,3;18,1;13,02;0,416
1228;65;30,3;19,3;11,97;0,371
1228;65;30,3;20,5;11,05;0,386
1228;65;30,3;21,7;10,31;0,367
1228;65;30,3;22,9;9,42;0,382
1228;65;30,3;24,1;8,05;0,398
1228;65;30,3;25,3;7,48;0,405
1228;65;30,3;26,5;5,73;0,247
1228;65;30,3;27,7;4,01;0,145
1228;65;30,3;28,9;2,23;0,117
1228;65;30,3;29,7;1,11;0,093
1230;54,51;28,59;0,1;20,37;1,012
1230;54,51;28,59;0,7;18,4;0,802
1230;54,51;28,59;1,3;17,35;0,766
1230;54,51;28,59;2,5;17;0,707
1230;54,51;28,59;3,7;16,71;0,644
1230;54,51;28,59;4,9;16,42;0,623
1230;54,51;28,59;6,1;16,23;0,546
1230;54,51;28,59;7,3;15,28;0,589
1230;54,51;28,59;8,5;14,96;0,529
1230;54,51;28,59;9,7;14,32;0,462
1230;54,51;28,59;10,9;14,01;0,405
1230;54,51;28,59;12,1;12,96;0,437
1230;54,51;28,59;13,3;12,1;0,358
1230;54,51;28,59;14,5;11,71;0,356
1230;54,51;28,59;15,7;11,14;0,4
1230;54,51;28,59;16,9;10,35;0,327
1230;54,51;28,59;18,1;9,36;0,318
1230;54,51;28,59;19,3;8,5;0,335
1230;54,51;28,59;20,5;7,86;0,296
1230;54,51;28,59;21,7;7,13;0,338
1230;54,51;28,59;22,9;6,05;0,309
1230;54,51;28,59;24,1;4,84;0,294
1230;54,51;28,59;25,3;3,5;0,224
1230;54,51;28,59;26,5;2,29;0,186
1230;54,51;28,59;27,7;1,27;0,085
1231;67,01;28,52;0,1;24,51;1,115
1231;67,01;28,52;0,7;21,96;0,982
1231;67,01;28,52;1,3;21,33;0,938
1231;67,01;28,52;2,5;19,89;0,818
1231;67,01;28,52;3,7;19,61;0,877
1231;67,01;28,52;4,9;19,26;0,889
1231;67,01;28,52;6,1;19,1;0,955
1231;67,01;28,52;7,3;18,78;0,81
1231;67,01;28,52;8,5;17,83;0,726
1231;67,01;28,52;9,7;17,28;0,575
1231;67,01;28,52;10,9;16,62;0,529
1231;67,01;28,52;12,1;15,85;0,454
1231;67,01;28,52;13,3;15,44;0,477
1231;67,01;28,52;14,5;14,23;0,448
1231;67,01;28,52;15,7;13,11;0,421
1231;67,01;28,52;16,9;12,48;0,41
1231;67,01;28,52;18,1;11,71;0,447
1231;67,01;28,52;19,3;10,95;0,485
1231;67,01;28,52;20,5;10,19;0,393
1231;67,01;28,52;21,7;8,88;0,393
1231;67,01;28,52;22,9;7,7;0,349
1231;67,01;28,52;24,1;7,16;0,344
1231;67,01;28,52;25,3;5,41;0,332
1231;67,01;28,52;26,5;3,66;0,239
1231;67,01;28,52;27,7;1,69;0,126
1231;67,01;28,52;28,1;0,95;0,077
1232;33,3;19,5;0,1;13,05;0,848
1232;33,3;19,5;0,7;11,24;0,418
1232;33,3;19,5;1,3;10,6;0,377
1232;33,3;19,5;2,5;10,28;0,427
1232;33,3;19,5;3,7;9,68;0,327
1232;33,3;19,5;4,9;9,23;0,284
1232;33,3;19,5;6,1;8,91;0,357
1232;33,3;19,5;7,3;8,24;0,235
1232;33,3;19,5;8,5;7,67;0,232
1232;33,3;19,5;9,7;7,42;0,245
1232;33,3;19,5;10,9;6,59;0,277
1232;33,3;19,5;12,1;6,37;0,221
1232;33,3;19,5;13,3;5,41;0,21
1232;33,3;19,5;14,5;4,84;0,209
1232;33,3;19,5;15,7;4,14;0,2
1232;33,3;19,5;16,9;3,34;0,177
1232;33,3;19,5;18,1;2,55;0,157
1232;33,3;19,5;19,1;1,11;0,099
1235;57,99;30,93;0,1;21,42;0,925
1235;57,99;30,93;0,7;19,1;0,782
1235;57,99;30,93;1,3;18,46;0,695
1235;57,99;30,93;2,5;18,21;0,634
1235;57,99;30,93;3,7;17,51;0,556
1235;57,99;30,93;4,9;17,09;0,565
1235;57,99;30,93;6,1;16,97;0,592
1235;57,99;30,93;7,3;16,81;0,508
1235;57,99;30,93;8,5;16,55;0,659
1235;57,99;30,93;9,7;15,6;0,383
1235;57,99;30,93;10,9;14,96;0,343
1235;57,99;30,93;12,1;14,45;0,343
1235;57,99;30,93;13,3;13,91;0,38
1235;57,99;30,93;14,5;13,56;0,35
1235;57,99;30,93;15,7;12,89;0,373
1235;57,99;30,93;16,9;12,51;0,372
1235;57,99;30,93;18,1;11,78;0,324
1235;57,99;30,93;19,3;11,14;0,352
1235;57,99;30,93;20,5;10,09;0,337
1235;57,99;30,93;21,7;9,49;0,386
1235;57,99;30,93;22,9;8,91;0,324
1235;57,99;30,93;24,1;8,59;0,31
1235;57,99;30,93;25,3;7,48;0,284
1235;57,99;30,93;26,5;6,68;0,294
1235;57,99;30,93;27,7;5,16;0,311
1235;57,99;30,93;28,9;3,66;0,238
1235;57,99;30,93;30,1;1,75;0,128
1235;57,99;30,93;30,45;1,05;0,078
1236;41;25,34;0,1;14,8;0,782
1236;41;25,34;0,7;13,75;0,622
1236;41;25,34;1,3;13,05;0,528
1236;41;25,34;2,5;12,45;0,493
1236;41;25,34;3,7;12,1;0,498
1236;41;25,34;4,9;11,84;0,43
1236;41;25,34;6,1;11,52;0,486
1236;41;25,34;7,3;10,98;0,434
1236;41;25,34;8,5;10,5;0,437
1236;41;25,34;9,7;9,96;0,397
1236;41;25,34;10,9;9,42;0,39
1236;41;25,34;12,1;8,79;0,326
1236;41;25,34;13,3;8,66;0,344
1236;41;25,34;14,5;7,96;0,382
1236;41;25,34;15,7;7,32;0,257
1236;41;25,34;16,9;6,53;0,234
1236;41;25,34;18,1;6,05;0,232
1236;41;25,34;19,3;5,51;0,261
1236;41;25,34;20,5;4,97;0,266
1236;41;25,34;21,7;4,58;0,223
1236;41;25,34;22,9;3,57;0,202
1236;41;25,34;24,1;1,97;0,097
1236;41;25,34;24,8;0,86;0,055
1237;53;30;0,1;19,51;0,883
1237;53;30;0,7;17,6;0,735
1237;53;30;1,3;16,87;0,677
1237;53;30;2,5;16,46;0,582
1237;53;30;3,7;16,07;0,54
1237;53;30;4,9;15,76;0,561
1237;53;30;6,1;15,44;0,52
1237;53;30;7,3;15,28;0,466
1237;53;30;8,5;14,96;0,451
1237;53;30;9,7;14,48;0,371
1237;53;30;10,9;13,97;0,365
1237;53;30;12,1;13,37;0,329
1237;53;30;13,3;13,05;0,338
1237;53;30;14,5;12,41;0,341
1237;53;30;15,7;11,46;0,323
1237;53;30;16,9;10,98;0,299
1237;53;30;18,1;10,66;0,313
1237;53;30;19,3;9,99;0,317
1237;53;30;20,5;9,17;0,368
1237;53;30;21,7;8,66;0,339
1237;53;30;22,9;8,4;0,324
1237;53;30;24,1;7,32;0,258
1237;53;30;25,3;6,21;0,26
1237;53;30;26,5;5,09;0,167
1237;53;30;27,7;3,63;0,148
1237;53;30;28,9;2,16;0,132
1237;53;30;29,39;0,92;0,066
1239;62,99;31,1;0,1;21,49;1,188
1239;62,99;31,1;0,7;20,56;0,927
1239;62,99;31,1;1,3;20,05;0,805
1239;62,99;31,1;2,5;18,46;0,697
1239;62,99;31,1;3,7;18,4;0,659
1239;62,99;31,1;4,9;18,14;0,682
1239;62,99;31,1;6,1;17,89;0,691
1239;62,99;31,1;7,3;17,67;0,715
1239;62,99;31,1;8,5;16,9;0,396
1239;62,99;31,1;9,7;16,55;0,642
1239;62,99;31,1;10,9;16,01;0,459
1239;62,99;31,1;12,1;15,18;0,412
1239;62,99;31,1;13,3;14,42;0,375
1239;62,99;31,1;14,5;13,69;0,354
1239;62,99;31,1;15,7;13,24;0,375
1239;62,99;31,1;16,9;12,7;0,359
1239;62,99;31,1;18,1;11,62;0,381
1239;62,99;31,1;19,3;11,01;0,393
1239;62,99;31,1;20,5;10,15;0,34
1239;62,99;31,1;21,7;9,87;0,343
1239;62,99;31,1;22,9;8,85;0,35
1239;62,99;31,1;24,1;7,7;0,299
1239;62,99;31,1;25,3;7,16;0,336
1239;62,99;31,1;26,5;6,11;0,313
1239;62,99;31,1;27,7;4,68;0,316
1239;62,99;31,1;28,9;3,5;0,22
1239;62,99;31,1;30,1;1,59;0,111
1239;62,99;31,1;30,5;1,02;0,093
1244;48,51;27,55;0,1;18,78;0,799
1244;48,51;27,55;0,7;15,82;0,62
1244;48,51;27,55;1,3;15,44;0,65
1244;48,51;27,55;2,5;14,96;0,659
1244;48,51;27,55;3,7;14,39;0,586
1244;48,51;27,55;4,9;13,91;0,54
1244;48,51;27,55;6,1;13,62;0,545
1244;48,51;27,55;7,3;13,11;0,492
1244;48,51;27,55;8,5;12,57;0,536
1244;48,51;27,55;9,7;12,32;0,457
1244;48,51;27,55;10,9;11,55;0,359
1244;48,51;27,55;12,1;11,2;0,36
1244;48,51;27,55;13,3;10,41;0,427
1244;48,51;27,55;14,5;10,19;0,405
1244;48,51;27,55;15,7;9,68;0,34
1244;48,51;27,55;16,9;8,85;0,36
1244;48,51;27,55;18,1;8,09;0,295
1244;48,51;27,55;19,3;7,54;0,34
1244;48,51;27,55;20,5;7;0,286
1244;48,51;27,55;21,7;6,21;0,303
1244;48,51;27,55;22,9;5,41;0,303
1244;48,51;27,55;24,1;4,52;0,19
1244;48,51;27,55;25,3;3,02;0,163
1244;48,51;27,55;26,5;1,91;0,121
1244;48,51;27,55;27,1;1,05;0,093
1246;39,99;24,1;0,1;15,12;0,809
1246;39,99;24,1;0,7;13,21;0,594
1246;39,99;24,1;1,3;12,73;0,48
1246;39,99;24,1;2,5;11,94;0,417
1246;39,99;24,1;3,7;11,68;0,402
1246;39,99;24,1;4,9;11,3;0,366
1246;39,99;24,1;6,1;10,95;0,33
1246;39,99;24,1;7,3;10,47;0,371
1246;39,99;24,1;8,5;10,03;0,327
1246;39,99;24,1;9,7;9,39;0,328
1246;39,99;24,1;10,9;8,91;0,338
1246;39,99;24,1;12,1;8,59;0,323
1246;39,99;24,1;13,3;7,64;0,297
1246;39,99;24,1;14,5;6,78;0,293
1246;39,99;24,1;15,7;6,37;0,263
1246;39,99;24,1;16,9;5,73;0,242
1246;39,99;24,1;18,1;5,41;0,221
1246;39,99;24,1;19,3;4,87;0,205
1246;39,99;24,1;20,5;4,04;0,195
1246;39,99;24,1;21,7;3,5;0,17
1246;39,99;24,1;22,9;2,42;0,128
1246;39,99;24,1;23,7;0,95;0,089
1247;34,4;22,73;0,1;15,12;0,667
1247;34,4;22,73;0,7;11,78;0,428
1247;34,4;22,73;1,3;10,95;0,36
1247;34,4;22,73;2,5;10,57;0,319
1247;34,4;22,73;3,7;10,25;0,309
1247;34,4;22,73;4,9;10,09;0,309
1247;34,4;22,73;6,1;9,8;0,299
1247;34,4;22,73;7,3;9,55;0,319
1247;34,4;22,73;8,5;9,39;0,36
1247;34,4;22,73;9,7;8,5;0,236
1247;34,4;22,73;10,9;8,15;0,264
1247;34,4;22,73;12,1;7,64;0,203
1247;34,4;22,73;13,3;7,1;0,23
1247;34,4;22,73;14,5;6,72;0,271
1247;34,4;22,73;15,7;6,08;0,196
1247;34,4;22,73;16,9;5,47;0,223
1247;34,4;22,73;18,1;4,93;0,219
1247;34,4;22,73;19,3;4,3;0,192
1247;34,4;22,73;20,5;3,18;0,172
1247;34,4;22,73;21,7;1,81;0,13
1247;34,4;22,73;22,11;0,89;0,076
1248;38,8;23,57;0,1;14,16;0,767
1248;38,8;23,57;0,7;12,57;0,586
1248;38,8;23,57;1,3;12,35;0,485
1248;38,8;23,57;2,5;11,75;0,397
1248;38,8;23,57;3,7;11,36;0,409
1248;38,8;23,57;4,9;10,98;0,364
1248;38,8;23,57;6,1;10,6;0,354
1248;38,8;23,57;7,3;10,28;0,365
1248;38,8;23,57;8,5;9,77;0,283
1248;38,8;23,57;9,7;9,17;0,262
1248;38,8;23,57;10,9;8,44;0,281
1248;38,8;23,57;12,1;8,05;0,254
1248;38,8;23,57;13,3;7,8;0,265
1248;38,8;23,57;14,5;7,23;0,269
1248;38,8;23,57;15,7;6,62;0,263
1248;38,8;23,57;16,9;5,86;0,206
1248;38,8;23,57;18,1;5,16;0,263
1248;38,8;23,57;19,3;4,71;0,257
1248;38,8;23,57;20,5;3,98;0,139
1248;38,8;23,57;21,7;3,02;0,107
1248;38,8;23,57;22,9;1,02;0,084
1250;42;25,88;0,1;14,48;0,648
1250;42;25,88;0,7;13,69;0,446
1250;42;25,88;1,3;13,37;0,451
1250;42;25,88;2,5;12,57;0,377
1250;42;25,88;3,7;12,22;0,354
1250;42;25,88;4,9;12;0,432
1250;42;25,88;6,1;11,62;0,429
1250;42;25,88;7,3;11,46;0,313
1250;42;25,88;8,5;11,08;0,349
1250;42;25,88;9,7;10,47;0,321
1250;42;25,88;10,9;9,87;0,276
1250;42;25,88;12,1;9,55;0,291
1250;42;25,88;13,3;8,91;0,263
1250;42;25,88;14,5;8,37;0,269
1250;42;25,88;15,7;7,73;0,289
1250;42;25,88;16,9;7,23;0,268
1250;42;25,88;18,1;6,75;0,311
1250;42;25,88;19,3;6,05;0,252
1250;42;25,88;20,5;5,41;0,237
1250;42;25,88;21,7;4,55;0,262
1250;42;25,88;22,9;3,76;0,205
1250;42;25,88;24,1;2,71;0,162
1250;42;25,88;25,3;0,95;0,081
